timestamp,sensor_id,temperature,humidity
2026-01-01 00:00:00,sensor_02,25.25,51.18
2026-01-01 00:05:00,sensor_01,24.93,53.28
2026-01-01 00:10:00,sensor_03,25.32,54.17
2026-01-01 00:15:00,sensor_02,25.76,58.78
2026-01-01 00:20:00,sensor_03,24.88,56.11
2026-01-01 00:25:00,sensor_01,24.88,52.33
2026-01-01 00:30:00,sensor_03,25.79,55.97
2026-01-01 00:35:00,sensor_01,25.38,51.91
2026-01-01 00:40:00,sensor_02,24.77,57.17
2026-01-01 00:45:00,sensor_02,25.27,54.06
2026-01-01 00:50:00,sensor_03,24.77,54.81
2026-01-01 00:55:00,sensor_01,24.77,57.65
2026-01-01 01:00:00,sensor_01,25.64,52.17
2026-01-01 01:05:00,sensor_01,24.56,51.95
2026-01-01 01:10:00,sensor_03,24.66,53.57
2026-01-01 01:15:00,sensor_01,25.24,56.82
2026-01-01 01:20:00,sensor_01,25.01,51.7
2026-01-01 01:25:00,sensor_01,25.67,49.08
2026-01-01 01:30:00,sensor_01,25.06,53.84
2026-01-01 01:35:00,sensor_03,24.81,55.84
2026-01-01 01:40:00,sensor_03,26.25,57.14
2026-01-01 01:45:00,sensor_01,25.4,53.81
2026-01-01 01:50:00,sensor_01,25.55,53.92
2026-01-01 01:55:00,sensor_02,24.81,57.05
2026-01-01 02:00:00,sensor_02,25.73,50.76
2026-01-01 02:05:00,sensor_01,-11.76,53.72
2026-01-01 02:10:00,sensor_01,25.42,54.88
2026-01-01 02:15:00,sensor_02,26.19,55.4
2026-01-01 02:20:00,sensor_02,25.7,53.48
2026-01-01 02:25:00,sensor_01,25.85,54.57
2026-01-01 02:30:00,sensor_03,25.7,49.52
2026-01-01 02:35:00,sensor_03,26.93,53.18
2026-01-01 02:40:00,sensor_01,25.99,55.41
2026-01-01 02:45:00,sensor_01,25.47,52.54
2026-01-01 02:50:00,sensor_02,26.41,54.62
2026-01-01 02:55:00,sensor_02,25.39,55.39
2026-01-01 03:00:00,sensor_03,26.52,53.61
2026-01-01 03:05:00,sensor_01,25.43,54.63
2026-01-01 03:10:00,sensor_02,25.75,52.37
2026-01-01 03:15:00,sensor_03,26.51,53.88
2026-01-01 03:20:00,sensor_03,26.78,55.51
2026-01-01 03:25:00,sensor_03,26.5,54.61
2026-01-01 03:30:00,sensor_02,26.36,53.12
2026-01-01 03:35:00,sensor_02,26.26,54.74
2026-01-01 03:40:00,sensor_01,25.67,55.72
2026-01-01 03:45:00,sensor_01,26.05,50.19
2026-01-01 03:50:00,sensor_03,26.18,56.61
2026-01-01 03:55:00,sensor_03,26.94,53.62
2026-01-01 04:00:00,sensor_02,26.9,54.98
2026-01-01 04:05:00,sensor_02,25.85,56.53
2026-01-01 04:10:00,sensor_01,26.89,51.39
2026-01-01 04:15:00,sensor_01,26.54,52.72
2026-01-01 04:20:00,sensor_01,26.39,53.56
2026-01-01 04:25:00,sensor_02,27.04,52.57
2026-01-01 04:30:00,sensor_03,27.25,57.6
2026-01-01 04:35:00,sensor_01,27.2,52.42
2026-01-01 04:40:00,sensor_01,26.31,53.02
2026-01-01 04:45:00,sensor_02,26.58,54.54
2026-01-01 04:50:00,sensor_01,26.9,51.73
2026-01-01 04:55:00,sensor_03,27.22,53.34
2026-01-01 05:00:00,sensor_02,26.69,54.67
2026-01-01 05:05:00,sensor_01,26.84,53.37
2026-01-01 05:10:00,sensor_01,26.38,53.85
2026-01-01 05:15:00,sensor_02,26.33,52.98
2026-01-01 05:20:00,sensor_02,27.34,51.01
2026-01-01 05:25:00,sensor_01,27.61,54.68
2026-01-01 05:30:00,sensor_03,26.9,57.54
2026-01-01 05:35:00,sensor_02,27.43,54.07
2026-01-01 05:40:00,sensor_03,27.11,54.48
2026-01-01 05:45:00,sensor_01,26.61,55.42
2026-01-01 05:50:00,sensor_03,27.11,51.5
2026-01-01 05:55:00,sensor_01,27.7,57.44
2026-01-01 06:00:00,sensor_01,26.98,54.4
2026-01-01 06:05:00,sensor_01,27.78,57.26
2026-01-01 06:10:00,sensor_01,25.69,52.53
2026-01-01 06:15:00,sensor_03,27.41,57.64
2026-01-01 06:20:00,sensor_01,27.04,55.55
2026-01-01 06:25:00,sensor_01,26.85,55.11
2026-01-01 06:30:00,sensor_03,27.05,54.47
2026-01-01 06:35:00,sensor_02,26.01,53.5
2026-01-01 06:40:00,sensor_03,115.91,56.4
2026-01-01 06:45:00,sensor_03,27.18,54.28
2026-01-01 06:50:00,sensor_03,27.74,50.07
2026-01-01 06:55:00,sensor_01,26.74,51.77
2026-01-01 07:00:00,sensor_01,26.53,53.66
2026-01-01 07:05:00,sensor_01,26.68,54.65
2026-01-01 07:10:00,sensor_02,27.39,53.92
2026-01-01 07:15:00,sensor_01,27.1,56.47
2026-01-01 07:20:00,sensor_02,26.67,50.13
2026-01-01 07:25:00,sensor_01,27.19,54.32
2026-01-01 07:30:00,sensor_03,26.98,50.4
2026-01-01 07:35:00,sensor_01,27.42,55.55
2026-01-01 07:40:00,sensor_02,26.58,53.85
2026-01-01 07:45:00,sensor_02,26.77,54.87
2026-01-01 07:50:00,sensor_01,26.74,52.31
2026-01-01 07:55:00,sensor_03,26.2,56.59
2026-01-01 08:00:00,sensor_01,26.88,56.22
2026-01-01 08:05:00,sensor_01,26.86,55.3
2026-01-01 08:10:00,sensor_01,26.73,53.87
2026-01-01 08:15:00,sensor_03,26.61,55.29
2026-01-01 08:20:00,sensor_02,26.02,52.72
2026-01-01 08:25:00,sensor_03,84.12,55.85
2026-01-01 08:30:00,sensor_02,26.56,57.43
2026-01-01 08:35:00,sensor_02,26.33,56.28
2026-01-01 08:40:00,sensor_02,26.65,52.67
2026-01-01 08:45:00,sensor_03,26.93,54.86
2026-01-01 08:50:00,sensor_01,27.68,51.55
2026-01-01 08:55:00,sensor_01,26.82,55.28
2026-01-01 09:00:00,sensor_01,26.54,55.19
2026-01-01 09:05:00,sensor_01,26.38,50.55
2026-01-01 09:10:00,sensor_01,25.45,51.97
2027-01-01 09:15:00,sensor_03,26.4,53.73
2026-01-01 09:20:00,sensor_03,26.44,53.69
2026-01-01 09:25:00,sensor_03,27.65,51.87
2026-01-01 09:30:00,sensor_03,26.32,55.07
2026-01-01 09:35:00,sensor_03,26.56,54.8
2026-01-01 09:40:00,sensor_03,26.4,53.9
2026-01-01 09:45:00,sensor_03,25.83,52.78
2026-01-01 09:50:00,sensor_01,26.99,56.39
2026-01-01 09:55:00,sensor_02,26.79,57.6
2026-01-01 10:00:00,sensor_03,26.4,53.53
2026-01-01 10:05:00,sensor_02,25.55,53.28
2026-01-01 10:10:00,sensor_03,26.7,55.48
2026-01-01 10:15:00,sensor_03,25.3,53.78
2026-01-01 10:20:00,sensor_01,26.29,54.22
2026-01-01 10:25:00,sensor_02,27.1,55.98
2026-01-01 10:30:00,sensor_01,25.5,50.68
2026-01-01 10:35:00,sensor_01,25.72,57.14
2026-01-01 10:40:00,sensor_02,26.05,54.65
2026-01-01 10:45:00,sensor_01,25.75,53.68
2026-01-01 10:50:00,sensor_03,25.22,54.32
2026-01-01 10:55:00,sensor_03,26.03,54.42
2026-01-01 11:00:00,sensor_03,24.99,51.28
2026-01-01 11:05:00,sensor_03,25.75,57.73
2026-01-01 11:10:00,sensor_03,25.06,54.82
2026-01-01 11:15:00,sensor_01,26.29,55.63
2026-01-01 11:20:00,sensor_01,25.13,56.64
2026-01-01 11:25:00,sensor_03,25.36,52.7
2026-01-01 11:30:00,sensor_03,25.92,55.69
2026-01-01 11:35:00,sensor_01,24.9,54.21
2026-01-01 11:40:00,sensor_02,25.63,56.43
2026-01-01 11:45:00,sensor_01,26.17,50.49
2026-01-01 11:50:00,sensor_01,24.71,54.54
2026-01-01 11:55:00,sensor_01,25.61,53.54
2026-01-01 12:00:00,sensor_01,25.13,55.86
2026-01-01 12:05:00,sensor_01,25.39,55.94
2026-01-01 12:10:00,sensor_02,24.38,53.58
2026-01-01 12:15:00,sensor_03,24.34,53.58
2026-01-01 12:20:00,sensor_03,25.26,54.78
2026-01-01 12:25:00,sensor_02,25.15,53.21
2026-01-01 12:30:00,sensor_03,25.13,56.68
2026-01-01 12:35:00,sensor_03,25.17,54.26
2026-01-01 12:40:00,sensor_03,24.66,49.19
2026-01-01 12:45:00,sensor_02,25.12,54.25
2026-01-01 12:50:00,sensor_02,25.15,52.92
2026-01-01 12:55:00,sensor_03,24.64,51.74
2026-01-01 13:00:00,sensor_03,25.42,52.78
2026-01-01 13:05:00,sensor_03,24.72,55.48
2026-01-01 13:10:00,sensor_01,23.89,57.92
2026-01-01 13:15:00,sensor_01,24.81,55.89
2026-01-01 13:20:00,sensor_01,24.0,54.05
2026-01-01 13:25:00,sensor_02,24.88,56.17
2026-01-01 13:30:00,sensor_03,25.06,54.34
2026-01-01 13:35:00,sensor_02,24.07,53.87
2026-01-01 13:40:00,sensor_02,24.96,52.95
2026-01-01 13:45:00,sensor_02,24.69,51.76
2026-01-01 13:50:00,sensor_03,24.89,54.48
2026-01-01 13:55:00,sensor_01,25.43,55.57
2026-01-01 14:00:00,sensor_03,23.88,55.31
2026-01-01 14:05:00,sensor_03,23.62,54.67
2026-01-01 14:10:00,sensor_02,23.56,53.61
2026-01-01 14:15:00,sensor_02,23.59,56.72
2026-01-01 14:20:00,sensor_02,23.96,52.87
2026-01-01 14:25:00,sensor_01,24.17,57.05
2026-01-01 14:30:00,sensor_01,24.14,53.5
2026-01-01 14:35:00,sensor_01,24.41,54.0
2026-01-01 14:40:00,sensor_03,24.01,52.57
2026-01-01 14:45:00,sensor_02,24.73,54.5
2026-01-01 14:50:00,sensor_03,23.87,57.45
2026-01-01 14:55:00,sensor_01,25.36,56.53
2026-01-01 15:00:00,sensor_02,23.9,57.66
2026-01-01 15:05:00,sensor_01,23.16,56.75
2026-01-01 15:10:00,sensor_02,23.05,53.5
2026-01-01 15:15:00,sensor_02,23.83,55.05
2026-01-01 15:20:00,sensor_03,23.47,54.15
2026-01-01 15:25:00,sensor_03,23.94,58.37
2026-01-01 15:30:00,sensor_01,23.82,53.31
2026-01-01 15:35:00,sensor_03,23.55,57.49
2026-01-01 15:40:00,sensor_03,23.16,57.49
2026-01-01 15:45:00,sensor_03,22.83,59.37
2026-01-01 15:50:00,sensor_02,23.36,54.89
2026-01-01 15:55:00,sensor_03,24.01,57.13
2026-01-01 16:00:00,sensor_01,23.37,60.43
2026-01-01 16:05:00,sensor_02,22.65,54.63
2026-01-01 16:10:00,sensor_02,23.35,52.8
2026-01-01 16:15:00,sensor_03,23.46,52.11
2026-01-01 16:20:00,sensor_02,22.83,57.29
2026-01-01 16:25:00,sensor_01,23.34,52.1
2026-01-01 16:30:00,sensor_01,23.3,55.12
2026-01-01 16:35:00,sensor_02,22.7,56.74
2026-01-01 16:40:00,sensor_03,23.45,56.24
2026-01-01 16:45:00,sensor_03,23.55,56.72
2026-01-01 16:50:00,sensor_02,23.81,56.31
2026-01-01 16:55:00,sensor_01,23.79,58.42
2026-01-01 17:00:00,sensor_02,22.38,54.06
2026-01-01 17:05:00,sensor_03,22.6,54.61
2026-01-01 17:10:00,sensor_03,23.33,54.42
2026-01-01 17:15:00,sensor_02,23.33,57.63
2026-01-01 17:20:00,sensor_01,23.33,57.77
2026-01-01 17:25:00,sensor_02,24.99,56.87
2026-01-01 17:30:00,sensor_01,23.35,58.33
2026-01-01 17:35:00,sensor_01,23.64,53.61
2026-01-01 17:40:00,sensor_02,23.55,59.3
2026-01-01 17:45:00,sensor_02,23.39,59.01
2026-01-01 17:50:00,sensor_01,22.91,57.44
2026-01-01 17:55:00,sensor_01,23.45,59.53
2026-01-01 18:00:00,sensor_01,22.61,52.69
2026-01-01 18:05:00,sensor_01,22.88,54.95
2026-01-01 18:10:00,sensor_03,22.76,54.53
2026-01-01 18:15:00,sensor_02,23.04,57.44
2026-01-01 18:20:00,sensor_01,24.16,53.9
2026-01-01 18:25:00,sensor_02,22.07,57.51
2026-01-01 18:30:00,sensor_01,23.34,58.74
2026-01-01 18:35:00,sensor_02,22.19,57.39
2026-01-01 18:40:00,sensor_02,22.76,56.57
2026-01-01 18:45:00,sensor_01,23.54,54.02
2026-01-01 18:50:00,sensor_01,23.03,54.31
2026-01-01 18:55:00,sensor_02,22.46,58.5
2026-01-01 19:00:00,sensor_02,22.71,57.52
2026-01-01 19:05:00,sensor_02,23.41,55.89
2026-01-01 19:10:00,sensor_03,22.7,55.13
2026-01-01 19:15:00,sensor_01,23.18,51.91
2026-01-01 19:20:00,sensor_03,23.09,53.82
2026-01-01 19:25:00,sensor_03,22.74,59.79
2026-01-01 19:30:00,sensor_01,24.14,53.41
2026-01-01 19:35:00,sensor_01,23.39,56.34
2026-01-01 19:40:00,sensor_03,22.06,57.98
2026-01-01 19:45:00,sensor_01,23.16,53.46
2026-01-01 19:50:00,sensor_02,22.74,56.34
2026-01-01 19:55:00,sensor_02,23.49,57.84
2026-01-01 20:00:00,sensor_03,22.87,55.89
2026-01-01 20:05:00,sensor_03,23.21,61.6
2026-01-01 20:10:00,sensor_01,113.04,52.53
2026-01-01 20:15:00,sensor_01,23.7,57.98
2026-01-01 20:20:00,sensor_03,22.67,55.52
2026-01-01 20:25:00,sensor_03,23.1,57.41
2026-01-01 20:30:00,sensor_02,23.03,56.75
2026-01-01 20:35:00,sensor_02,22.94,54.4
2026-01-01 20:40:00,sensor_01,24.15,56.32
2026-01-01 20:45:00,sensor_02,23.47,52.15
2026-01-01 20:50:00,sensor_01,22.64,57.07
2026-01-01 20:55:00,sensor_01,23.73,56.46
2026-01-01 21:00:00,sensor_01,24.65,56.98
2026-01-01 21:05:00,sensor_02,24.1,57.82
2026-01-01 21:10:00,sensor_03,22.83,56.44
2026-01-01 21:15:00,sensor_03,23.34,56.0
2026-01-01 21:20:00,sensor_02,24.22,53.94
2026-01-01 21:25:00,sensor_03,23.23,-6.54
2026-01-01 21:30:00,sensor_01,23.81,58.08
2026-01-01 21:35:00,sensor_03,23.97,58.58
2026-01-01 21:40:00,sensor_02,23.12,55.23
2026-01-01 21:45:00,sensor_03,23.56,55.8
2026-01-01 21:50:00,sensor_01,21.97,53.9
2026-01-01 21:55:00,sensor_01,23.07,58.05
2026-01-01 22:00:00,sensor_02,23.87,56.83
2026-01-01 22:05:00,sensor_02,23.38,59.38
2026-01-01 22:10:00,sensor_02,24.82,53.74
2026-01-01 22:15:00,sensor_01,23.28,54.74
2026-01-01 22:20:00,sensor_03,23.78,55.96
2026-01-01 22:25:00,sensor_03,24.07,56.79
2026-01-01 22:30:00,sensor_02,24.72,55.07
2026-01-01 22:35:00,sensor_03,23.28,53.75
2026-01-01 22:40:00,sensor_03,24.58,57.26
2026-01-01 22:45:00,sensor_02,24.01,56.94
2026-01-01 22:50:00,sensor_02,23.51,53.67
2026-01-01 22:55:00,sensor_01,24.23,58.21
2026-01-01 23:00:00,sensor_01,24.58,57.6
2026-01-01 23:05:00,sensor_01,24.18,55.53
2026-01-01 23:10:00,sensor_01,24.52,55.42
2026-01-01 23:15:00,sensor_03,24.29,56.37
2026-01-01 23:20:00,sensor_03,24.54,53.54
2026-01-01 23:25:00,sensor_01,24.81,55.32
2026-01-01 23:30:00,sensor_01,25.28,50.95
2026-01-01 23:35:00,sensor_02,23.86,57.01
2026-01-01 23:40:00,sensor_03,25.55,52.14
2026-01-01 23:45:00,sensor_03,23.51,58.27
2026-01-01 23:50:00,sensor_01,24.41,54.6
2026-01-01 23:55:00,sensor_03,24.78,54.84
2026-01-02 00:00:00,sensor_02,25.14,53.74
2026-01-02 00:05:00,sensor_02,24.69,54.42
2026-01-02 00:10:00,sensor_03,24.9,57.84
2026-01-02 00:15:00,sensor_01,24.75,50.02
2026-01-02 00:20:00,sensor_03,24.71,57.55
2026-01-02 00:25:00,sensor_02,25.42,55.68
2026-01-02 00:30:00,sensor_01,25.18,52.59
2026-01-02 00:35:00,sensor_03,24.65,52.85
2026-01-02 00:40:00,sensor_01,25.45,58.35
2026-01-02 00:45:00,sensor_01,25.15,53.11
2026-01-02 00:50:00,sensor_02,25.41,52.69
2026-01-02 00:55:00,sensor_01,25.31,57.27
2026-01-02 01:00:00,sensor_03,25.1,55.42
2026-01-02 01:05:00,sensor_01,25.24,52.87
2026-01-02 01:10:00,sensor_01,25.89,55.17
2026-01-02 01:15:00,sensor_03,25.82,52.69
2026-01-02 01:20:00,sensor_02,25.51,56.94
2026-01-02 01:25:00,sensor_02,25.58,56.86
2027-01-02 01:30:00,sensor_03,26.16,55.81
2026-01-02 01:35:00,sensor_03,25.22,55.46
2026-01-02 01:40:00,sensor_02,25.79,58.26
2026-01-02 01:45:00,sensor_01,25.42,54.74
2026-01-02 01:50:00,sensor_03,25.41,52.38
2026-01-02 01:55:00,sensor_01,26.07,55.64
2026-01-02 02:00:00,sensor_03,26.41,58.67
2026-01-02 02:05:00,sensor_02,26.41,52.47
2026-01-02 02:10:00,sensor_01,26.65,53.78
2026-01-02 02:15:00,sensor_01,117.99,55.33
2026-01-02 02:20:00,sensor_03,26.34,54.39
2026-01-02 02:25:00,sensor_01,25.84,52.54
2026-01-02 02:30:00,sensor_03,26.16,56.74
2026-01-02 02:35:00,sensor_02,25.93,59.14
2026-01-02 02:40:00,sensor_01,26.05,54.89
2026-01-02 02:45:00,sensor_03,26.3,52.69
2026-01-02 02:50:00,sensor_01,25.59,51.4
2026-01-02 02:55:00,sensor_03,27.05,55.02
2026-01-02 03:00:00,sensor_03,25.91,56.5
2026-01-02 03:05:00,sensor_03,25.81,55.24
2026-01-02 03:10:00,sensor_02,26.99,54.29
2026-01-02 03:15:00,sensor_01,26.81,53.11
2026-01-02 03:20:00,sensor_02,26.73,52.11
2026-01-02 03:25:00,sensor_03,26.73,55.96
2026-01-02 03:30:00,sensor_03,26.41,56.12
2026-01-02 03:35:00,sensor_02,25.97,51.2
2026-01-02 03:40:00,sensor_02,26.45,57.47
2026-01-02 03:45:00,sensor_01,26.08,55.44
2026-01-02 03:50:00,sensor_03,26.9,57.09
2026-01-02 03:55:00,sensor_02,26.34,51.61
2026-01-02 04:00:00,sensor_03,26.32,51.4
2026-01-02 04:05:00,sensor_03,26.57,53.84
2026-01-02 04:10:00,sensor_01,26.94,55.14
2026-01-02 04:15:00,sensor_01,26.45,57.73
2026-01-02 04:20:00,sensor_01,26.32,55.55
2026-01-02 04:25:00,sensor_02,26.85,53.65
2026-01-02 04:30:00,sensor_03,26.85,52.08
2026-01-02 04:35:00,sensor_02,26.48,56.59
2026-01-02 04:40:00,sensor_02,26.5,52.2
2026-01-02 04:45:00,sensor_01,26.85,57.39
2026-01-02 04:50:00,sensor_03,26.01,53.57
2026-01-02 04:55:00,sensor_03,26.03,57.32
2026-01-02 05:00:00,sensor_01,26.57,55.39
2026-01-02 05:05:00,sensor_03,26.83,53.76
2026-01-02 05:10:00,sensor_01,27.09,53.0
2026-01-02 05:15:00,sensor_02,27.67,53.35
2026-01-02 05:20:00,sensor_02,27.36,54.89
2026-01-02 05:25:00,sensor_01,26.85,54.19
2026-01-02 05:30:00,sensor_02,26.92,52.85
2026-01-02 05:35:00,sensor_02,26.43,53.7
2026-01-02 05:40:00,sensor_01,26.92,54.19
2026-01-02 05:45:00,sensor_02,26.79,49.78
2026-01-02 05:50:00,sensor_03,27.09,54.95
2026-01-02 05:55:00,sensor_02,26.52,52.07
2026-01-02 06:00:00,sensor_01,27.26,51.69
2026-01-02 06:05:00,sensor_03,27.77,50.63
2026-01-02 06:10:00,sensor_03,26.95,50.41
2026-01-02 06:15:00,sensor_02,27.2,51.29
2026-01-02 06:20:00,sensor_03,27.35,52.58
2026-01-02 06:25:00,sensor_01,26.8,57.91
2026-01-02 06:30:00,sensor_03,27.11,52.95
2026-01-02 06:35:00,sensor_02,27.01,54.36
2026-01-02 06:40:00,sensor_02,27.05,54.8
2026-01-02 06:45:00,sensor_03,26.61,54.26
2026-01-02 06:50:00,sensor_01,27.01,-4.06
2026-01-02 06:55:00,sensor_01,27.25,51.61
2026-01-02 07:00:00,sensor_02,27.66,56.94
2026-01-02 07:05:00,sensor_02,27.41,57.65
2026-01-02 07:10:00,sensor_01,28.01,50.67
2026-01-02 07:15:00,sensor_03,26.55,51.99
2026-01-02 07:20:00,sensor_03,27.37,53.47
2026-01-02 07:25:00,sensor_03,27.02,52.1
2026-01-02 07:30:00,sensor_03,28.03,55.05
2026-01-02 07:35:00,sensor_01,26.53,52.58
2026-01-02 07:40:00,sensor_02,26.51,58.36
2026-01-02 07:45:00,sensor_02,26.63,56.42
2026-01-02 07:50:00,sensor_03,25.87,54.46
2026-01-02 07:55:00,sensor_01,26.67,56.09
2026-01-02 08:00:00,sensor_01,26.35,56.35
2026-01-02 08:05:00,sensor_03,26.81,53.01
2026-01-02 08:10:00,sensor_03,26.9,52.5
2026-01-02 08:15:00,sensor_03,27.67,54.29
2026-01-02 08:20:00,sensor_02,27.21,55.86
2026-01-02 08:25:00,sensor_03,26.44,54.41
2026-01-02 08:30:00,sensor_02,26.28,50.98
2026-01-02 08:35:00,sensor_01,26.98,52.53
2026-01-02 08:40:00,sensor_01,26.07,53.99
2026-01-02 08:45:00,sensor_02,27.65,53.98
2026-01-02 08:50:00,sensor_02,27.32,58.08
2026-01-02 08:55:00,sensor_02,26.5,51.36
2026-01-02 09:00:00,sensor_02,25.56,55.3
2026-01-02 09:05:00,sensor_03,27.09,57.27
2026-01-02 09:10:00,sensor_01,26.36,58.84
2026-01-02 09:15:00,sensor_03,27.03,53.48
2026-01-02 09:20:00,sensor_02,25.62,55.28
2026-01-02 09:25:00,sensor_03,25.62,55.28
2026-01-02 09:30:00,sensor_03,25.62,55.28
2026-01-02 09:35:00,sensor_01,25.62,55.28
2026-01-02 09:40:00,sensor_03,25.62,55.28
2026-01-02 09:45:00,sensor_01,25.62,55.28
2026-01-02 09:50:00,sensor_02,25.62,55.28
2026-01-02 09:55:00,sensor_03,25.62,55.28
2026-01-02 10:00:00,sensor_02,25.62,55.28
2026-01-02 10:05:00,sensor_01,25.62,55.28
2026-01-02 10:10:00,sensor_02,25.62,55.28
2026-01-02 10:15:00,sensor_02,25.62,55.28
2026-01-02 10:20:00,sensor_01,25.62,55.28
2026-01-02 10:25:00,sensor_02,25.62,55.28
2026-01-02 10:30:00,sensor_02,25.62,55.28
2026-01-02 10:35:00,sensor_02,25.62,55.28
2026-01-02 10:40:00,sensor_03,25.62,55.28
2026-01-02 10:45:00,sensor_02,25.62,55.28
2026-01-02 10:50:00,sensor_01,25.62,55.28
2026-01-02 10:55:00,sensor_03,25.62,55.28
2026-01-02 11:00:00,sensor_03,25.62,55.28
2026-01-02 11:05:00,sensor_01,25.62,55.28
2026-01-02 11:10:00,sensor_02,25.62,55.28
2026-01-02 11:15:00,sensor_03,25.62,55.28
2026-01-02 11:20:00,sensor_03,25.62,55.28
2026-01-02 11:25:00,sensor_03,25.62,55.28
2026-01-02 11:30:00,sensor_02,25.62,55.28
2026-01-02 11:35:00,sensor_03,25.62,55.28
2026-01-02 11:40:00,sensor_01,25.62,55.28
2026-01-02 11:45:00,sensor_02,25.62,55.28
2026-01-02 11:50:00,sensor_01,25.62,55.28
2026-01-02 11:55:00,sensor_01,25.62,55.28
2026-01-02 12:00:00,sensor_03,25.62,55.28
2026-01-02 12:05:00,sensor_03,25.62,55.28
2026-01-02 12:10:00,sensor_03,25.62,55.28
2026-01-02 12:15:00,sensor_01,25.62,55.28
2026-01-02 12:20:00,sensor_02,25.62,55.28
2026-01-02 12:25:00,sensor_03,25.62,55.28
2026-01-02 12:30:00,sensor_03,25.62,55.28
2026-01-02 12:35:00,sensor_01,25.62,55.28
2026-01-02 12:40:00,sensor_02,25.62,55.28
2026-01-02 12:45:00,sensor_01,24.98,53.77
2026-01-02 12:50:00,sensor_03,23.97,55.28
2026-01-02 12:55:00,sensor_01,24.96,-1.19
2026-01-02 13:00:00,sensor_03,23.83,56.65
2026-01-02 13:05:00,sensor_02,24.82,52.98
2026-01-02 13:10:00,sensor_01,24.67,55.04
2026-01-02 13:15:00,sensor_03,24.01,53.65
2026-01-02 13:20:00,sensor_03,24.23,54.48
2026-01-02 13:25:00,sensor_03,23.95,54.43
2026-01-02 13:30:00,sensor_03,24.45,54.3
2026-01-02 13:35:00,sensor_01,24.96,52.75
2026-01-02 13:40:00,sensor_03,23.99,55.0
2026-01-02 13:45:00,sensor_01,24.73,54.14
2026-01-02 13:50:00,sensor_03,24.22,49.4
2026-01-02 13:55:00,sensor_01,24.09,59.36
2026-01-02 14:00:00,sensor_01,23.95,57.68
2026-01-02 14:05:00,sensor_03,23.48,54.75
2026-01-02 14:10:00,sensor_03,23.72,55.54
2026-01-02 14:15:00,sensor_03,23.4,53.16
2026-01-02 14:20:00,sensor_03,24.98,58.89
2026-01-02 14:25:00,sensor_02,24.02,59.29
2026-01-02 14:30:00,sensor_03,23.65,55.81
2026-01-02 14:35:00,sensor_03,24.11,57.55
2026-01-02 14:40:00,sensor_03,23.94,55.85
2026-01-02 14:45:00,sensor_01,23.89,52.83
2026-01-02 14:50:00,sensor_03,24.31,54.68
2026-01-02 14:55:00,sensor_01,24.38,55.76
2026-01-02 15:00:00,sensor_01,23.32,54.8
2026-01-02 15:05:00,sensor_01,23.3,55.27
2026-01-02 15:10:00,sensor_01,23.45,55.52
2026-01-02 15:15:00,sensor_02,22.43,55.55
2026-01-02 15:20:00,sensor_03,22.83,55.81
2026-01-02 15:25:00,sensor_01,24.27,53.59
2026-01-02 15:30:00,sensor_03,24.41,54.27
2026-01-02 15:35:00,sensor_01,23.46,53.14
2026-01-02 15:40:00,sensor_02,23.87,57.66
2026-01-02 15:45:00,sensor_01,23.74,51.5
2026-01-02 15:50:00,sensor_03,25.13,58.01
2026-01-02 15:55:00,sensor_03,24.15,58.48
2026-01-02 16:00:00,sensor_02,23.2,55.26
2026-01-02 16:05:00,sensor_03,22.79,50.66
2026-01-02 16:10:00,sensor_03,22.46,55.14
2026-01-02 16:15:00,sensor_01,23.37,55.74
2026-01-02 16:20:00,sensor_03,22.89,53.84
2026-01-02 16:25:00,sensor_01,22.56,54.84
2026-01-02 16:30:00,sensor_02,22.94,58.93
2026-01-02 16:35:00,sensor_03,22.73,57.2
2026-01-02 16:40:00,sensor_01,24.11,54.02
2026-01-02 16:45:00,sensor_03,23.71,52.67
2026-01-02 16:50:00,sensor_01,23.26,55.21
2026-01-02 16:55:00,sensor_02,24.01,55.44
2026-01-02 17:00:00,sensor_01,23.11,56.96
2026-01-02 17:05:00,sensor_03,22.64,54.9
2026-01-02 17:10:00,sensor_01,23.83,56.99
2026-01-02 17:15:00,sensor_03,23.34,59.84
2026-01-02 17:20:00,sensor_02,22.55,57.6
2026-01-02 17:25:00,sensor_01,22.97,55.87
2026-01-02 17:30:00,sensor_03,22.63,55.6
2026-01-02 17:35:00,sensor_03,22.38,55.25
2026-01-02 17:40:00,sensor_03,23.53,58.33
2026-01-02 17:45:00,sensor_01,24.02,54.71
2026-01-02 17:50:00,sensor_01,22.37,56.06
2026-01-02 17:55:00,sensor_01,23.35,56.07
2026-01-02 18:00:00,sensor_02,22.67,55.0
2026-01-02 18:05:00,sensor_03,22.76,53.26
2026-01-02 18:10:00,sensor_03,22.7,56.65
2026-01-02 18:15:00,sensor_02,22.57,55.88
2026-01-02 18:20:00,sensor_02,23.02,57.0
2026-01-02 18:25:00,sensor_01,22.58,54.93
2026-01-02 18:30:00,sensor_01,23.14,58.44
2026-01-02 18:35:00,sensor_01,22.97,54.25
2026-01-02 18:40:00,sensor_01,22.88,59.42
2026-01-02 18:45:00,sensor_01,22.55,52.5
2026-01-02 18:50:00,sensor_01,22.71,56.87
2026-01-02 18:55:00,sensor_02,23.38,56.95
2026-01-02 19:00:00,sensor_02,23.32,54.37
2026-01-02 19:05:00,sensor_02,22.58,56.81
2026-01-02 19:10:00,sensor_03,23.12,58.52
2026-01-02 19:15:00,sensor_03,23.44,51.53
2026-01-02 19:20:00,sensor_01,22.23,56.97
2026-01-02 19:25:00,sensor_02,23.34,50.98
2026-01-02 19:30:00,sensor_03,22.74,54.03
2026-01-02 19:35:00,sensor_03,23.35,59.22
2026-01-02 19:40:00,sensor_02,22.69,54.8
2026-01-02 19:45:00,sensor_03,22.17,53.62
2026-01-02 19:50:00,sensor_03,22.25,55.57
2026-01-02 19:55:00,sensor_02,23.09,60.1
2026-01-02 20:00:00,sensor_03,23.4,52.2
2026-01-02 20:05:00,sensor_02,22.82,53.76
2026-01-02 20:10:00,sensor_03,23.59,58.86
2026-01-02 20:15:00,sensor_02,22.44,59.58
2026-01-02 20:20:00,sensor_03,23.23,55.66
2026-01-02 20:25:00,sensor_03,22.66,53.39
2026-01-02 20:30:00,sensor_02,22.94,60.06
2026-01-02 20:35:00,sensor_03,23.29,59.05
2026-01-02 20:40:00,sensor_02,22.84,57.22
2026-01-02 20:45:00,sensor_02,23.08,54.24
2026-01-02 20:50:00,sensor_03,23.77,-9.51
2026-01-02 20:55:00,sensor_01,22.98,55.55
2026-01-02 21:00:00,sensor_03,24.0,56.37
2026-01-02 21:05:00,sensor_01,23.02,58.61
2026-01-02 21:10:00,sensor_01,23.85,57.47
2026-01-02 21:15:00,sensor_03,24.31,53.55
2026-01-02 21:20:00,sensor_01,22.35,58.46
2026-01-02 21:25:00,sensor_02,23.19,56.33
2026-01-02 21:30:00,sensor_02,23.87,57.08
2026-01-02 21:35:00,sensor_01,23.48,58.64
2026-01-02 21:40:00,sensor_02,23.77,53.48
2026-01-02 21:45:00,sensor_03,23.28,55.64
2026-01-02 21:50:00,sensor_02,23.63,54.64
2026-01-02 21:55:00,sensor_01,23.51,52.57
2026-01-02 22:00:00,sensor_03,24.58,56.19
2026-01-02 22:05:00,sensor_02,24.13,60.52
2026-01-02 22:10:00,sensor_03,24.17,51.82
2026-01-02 22:15:00,sensor_01,23.79,55.44
2026-01-02 22:20:00,sensor_02,23.76,56.78
2026-01-02 22:25:00,sensor_03,23.78,55.75
2026-01-02 22:30:00,sensor_03,24.2,55.27
2026-01-02 22:35:00,sensor_02,23.79,52.9
2026-01-02 22:40:00,sensor_03,24.14,55.97
2026-01-02 22:45:00,sensor_03,25.04,53.99
2026-01-02 22:50:00,sensor_01,24.44,51.12
2026-01-02 22:55:00,sensor_01,23.84,57.89
2026-01-02 23:00:00,sensor_01,25.08,57.18
2026-01-02 23:05:00,sensor_01,24.28,55.36
2026-01-02 23:10:00,sensor_01,23.46,55.72
2026-01-02 23:15:00,sensor_01,23.98,57.41
2026-01-02 23:20:00,sensor_02,23.55,55.71
2026-01-02 23:25:00,sensor_01,24.31,57.07
2026-01-02 23:30:00,sensor_03,24.49,54.66
2026-01-02 23:35:00,sensor_02,25.32,57.88
2026-01-02 23:40:00,sensor_03,24.65,55.9
2026-01-02 23:45:00,sensor_01,24.37,55.65
2026-01-02 23:50:00,sensor_01,24.9,52.72
2026-01-02 23:55:00,sensor_03,23.38,55.83
2026-01-03 00:00:00,sensor_03,25.12,53.34
2026-01-03 00:05:00,sensor_03,25.39,53.72
2026-01-03 00:10:00,sensor_02,24.26,53.37
2026-01-03 00:15:00,sensor_01,25.57,52.87
2026-01-03 00:20:00,sensor_03,25.17,59.25
2026-01-03 00:25:00,sensor_01,24.79,57.66
2026-01-03 00:30:00,sensor_03,25.32,58.84
2026-01-03 00:35:00,sensor_01,26.14,52.55
2026-01-03 00:40:00,sensor_02,25.09,55.14
2026-01-03 00:45:00,sensor_01,25.12,52.41
2026-01-03 00:50:00,sensor_03,24.77,53.61
2026-01-03 00:55:00,sensor_01,24.58,53.16
2026-01-03 01:00:00,sensor_02,25.93,57.22
2026-01-03 01:05:00,sensor_02,25.09,53.95
2026-01-03 01:10:00,sensor_01,25.55,56.88
2026-01-03 01:15:00,sensor_03,25.28,55.95
2026-01-03 01:20:00,sensor_02,25.76,59.35
2026-01-03 01:25:00,sensor_02,25.68,51.78
2026-01-03 01:30:00,sensor_01,26.04,57.26
2026-01-03 01:35:00,sensor_02,25.26,57.03
2026-01-03 01:40:00,sensor_02,25.38,52.79
2026-01-03 01:45:00,sensor_03,25.03,56.76
2026-01-03 01:50:00,sensor_03,25.3,55.41
2026-01-03 01:55:00,sensor_03,25.71,54.29
2026-01-03 02:00:00,sensor_01,26.38,52.85
2026-01-03 02:05:00,sensor_02,25.54,53.06
2026-01-03 02:10:00,sensor_01,26.43,58.6
2026-01-03 02:15:00,sensor_02,26.68,54.5
2026-01-03 02:20:00,sensor_02,26.21,56.06
2026-01-03 02:25:00,sensor_02,26.94,52.92
2026-01-03 02:30:00,sensor_03,25.61,52.94
2026-01-03 02:35:00,sensor_01,25.38,56.66
2026-01-03 02:40:00,sensor_01,25.11,51.8
2026-01-03 02:45:00,sensor_02,26.75,53.67
2026-01-03 02:50:00,sensor_01,26.33,-7.11
2026-01-03 02:55:00,sensor_03,25.97,54.72
2026-01-03 03:00:00,sensor_01,26.55,53.93
2026-01-03 03:05:00,sensor_02,25.85,55.08
2026-01-03 03:10:00,sensor_03,27.64,55.68
2026-01-03 03:15:00,sensor_03,26.48,55.76
2026-01-03 03:20:00,sensor_02,26.47,52.32
2026-01-03 03:25:00,sensor_01,26.78,53.72
2026-01-03 03:30:00,sensor_02,26.65,56.68
2026-01-03 03:35:00,sensor_01,26.53,56.08
2026-01-03 03:40:00,sensor_01,26.02,51.55
2026-01-03 03:45:00,sensor_03,26.65,55.0
2026-01-03 03:50:00,sensor_02,27.36,50.34
2026-01-03 03:55:00,sensor_03,27.09,54.39
2026-01-03 04:00:00,sensor_02,27.53,57.93
2026-01-03 04:05:00,sensor_02,26.48,52.24
2026-01-03 04:10:00,sensor_03,26.24,52.47
2026-01-03 04:15:00,sensor_02,26.67,55.66
2026-01-03 04:20:00,sensor_02,26.76,51.05
2026-01-03 04:25:00,sensor_01,27.28,52.87
2026-01-03 04:30:00,sensor_02,25.89,55.33
2026-01-03 04:35:00,sensor_02,27.5,52.87
2026-01-03 04:40:00,sensor_03,26.65,53.66
2026-01-03 04:45:00,sensor_03,26.52,55.62
2026-01-03 04:50:00,sensor_02,26.23,54.98
2026-01-03 04:55:00,sensor_01,25.9,54.67
2026-01-03 05:00:00,sensor_01,27.34,53.36
2026-01-03 05:05:00,sensor_03,26.97,54.77
2026-01-03 05:10:00,sensor_02,-16.42,53.79
2026-01-03 05:15:00,sensor_02,26.28,54.95
2026-01-03 05:20:00,sensor_01,26.76,53.04
2026-01-03 05:25:00,sensor_01,27.77,53.67
2026-01-03 05:30:00,sensor_01,26.8,52.05
2026-01-03 05:35:00,sensor_03,26.18,53.96
2026-01-03 05:40:00,sensor_02,26.81,52.41
2026-01-03 05:45:00,sensor_03,26.8,51.81
2026-01-03 05:50:00,sensor_02,25.58,54.55
2026-01-03 05:55:00,sensor_03,86.68,54.46
2026-01-03 06:00:00,sensor_02,26.88,55.57
2026-01-03 06:05:00,sensor_01,27.35,53.14
2026-01-03 06:10:00,sensor_01,27.92,54.82
2026-01-03 06:15:00,sensor_01,27.56,55.1
2026-01-03 06:20:00,sensor_03,26.87,54.89
2026-01-03 06:25:00,sensor_01,26.45,52.35
2026-01-03 06:30:00,sensor_02,28.29,54.3
2026-01-03 06:35:00,sensor_03,27.03,54.73
2026-01-03 06:40:00,sensor_02,27.01,54.01
2026-01-03 06:45:00,sensor_03,26.99,49.83
2026-01-03 06:50:00,sensor_02,27.1,54.32
2026-01-03 06:55:00,sensor_02,26.93,58.43
2026-01-03 07:00:00,sensor_03,26.65,53.31
2026-01-03 07:05:00,sensor_03,26.66,52.58
2026-01-03 07:10:00,sensor_01,26.92,54.78
2026-01-03 07:15:00,sensor_01,26.66,54.66
2026-01-03 07:20:00,sensor_02,93.99,56.42
2026-01-03 07:25:00,sensor_02,26.99,51.52
2026-01-03 07:30:00,sensor_02,26.8,55.5
2026-01-03 07:35:00,sensor_03,90.05,55.21
2026-01-03 07:40:00,sensor_03,25.61,53.75
2026-01-03 07:45:00,sensor_01,27.48,54.71
2026-01-03 07:50:00,sensor_02,27.55,56.09
2026-01-03 07:55:00,sensor_01,25.9,55.78
2026-01-03 08:00:00,sensor_03,26.56,51.85
2026-01-03 08:05:00,sensor_03,26.55,55.77
2026-01-03 08:10:00,sensor_03,26.03,54.0
2026-01-03 08:15:00,sensor_01,26.34,54.28
2026-01-03 08:20:00,sensor_03,26.18,54.28
2026-01-03 08:25:00,sensor_02,27.61,53.83
2026-01-03 08:30:00,sensor_01,27.2,56.52
2026-01-03 08:35:00,sensor_03,27.37,53.97
2026-01-03 08:40:00,sensor_01,27.09,51.89
2026-01-03 08:45:00,sensor_01,26.17,53.35
2026-01-03 08:50:00,sensor_03,26.47,-2.02
2026-01-03 08:55:00,sensor_03,26.98,56.59
2026-01-03 09:00:00,sensor_01,25.8,55.5
2026-01-03 09:05:00,sensor_01,26.77,52.59
2026-01-03 09:10:00,sensor_03,26.29,59.26
2026-01-03 09:15:00,sensor_02,26.23,54.82
2026-01-03 09:20:00,sensor_01,26.77,56.84
2026-01-03 09:25:00,sensor_01,26.64,53.99
2026-01-03 09:30:00,sensor_02,26.23,55.36
2026-01-03 09:35:00,sensor_03,26.99,55.97
2026-01-03 09:40:00,sensor_03,25.87,56.73
2026-01-03 09:45:00,sensor_02,26.72,56.41
2026-01-03 09:50:00,sensor_03,26.71,56.04
2026-01-03 09:55:00,sensor_03,26.26,53.66
2026-01-03 10:00:00,sensor_01,26.16,53.36
2026-01-03 10:05:00,sensor_01,25.37,55.17
2026-01-03 10:10:00,sensor_01,26.46,56.37
2026-01-03 10:15:00,sensor_02,25.91,54.05
2026-01-03 10:20:00,sensor_03,25.74,56.63
2026-01-03 10:25:00,sensor_03,26.52,57.41
2026-01-03 10:30:00,sensor_01,25.65,52.67
2026-01-03 10:35:00,sensor_01,25.3,52.83
2026-01-03 10:40:00,sensor_02,25.22,54.22
2026-01-03 10:45:00,sensor_03,26.3,55.12
2026-01-03 10:50:00,sensor_02,25.36,53.45
2026-01-03 10:55:00,sensor_03,26.88,57.2
2026-01-03 11:00:00,sensor_02,24.48,55.59
2026-01-03 11:05:00,sensor_01,26.37,54.82
2026-01-03 11:10:00,sensor_02,25.62,51.87
2026-01-03 11:15:00,sensor_02,25.47,52.11
2026-01-03 11:20:00,sensor_01,25.25,55.3
2026-01-03 11:25:00,sensor_03,25.72,50.48
2026-01-03 11:30:00,sensor_03,25.5,56.77
2026-01-03 11:35:00,sensor_01,26.07,54.42
2026-01-03 11:40:00,sensor_02,25.57,61.23
2026-01-03 11:45:00,sensor_02,25.59,59.36
2026-01-03 11:50:00,sensor_02,25.34,54.38
2026-01-03 11:55:00,sensor_03,25.49,54.53
2026-01-03 12:00:00,sensor_02,25.15,56.99
2026-01-03 12:05:00,sensor_03,24.14,58.41
2026-01-03 12:10:00,sensor_02,24.33,51.72
2026-01-03 12:15:00,sensor_01,25.37,51.43
2026-01-03 12:20:00,sensor_01,25.09,53.76
2026-01-03 12:25:00,sensor_03,24.91,56.17
2026-01-03 12:30:00,sensor_03,25.01,55.99
2026-01-03 12:35:00,sensor_01,25.17,57.14
2026-01-03 12:40:00,sensor_01,24.73,52.6
2026-01-03 12:45:00,sensor_02,24.61,50.37
2026-01-03 12:50:00,sensor_01,25.1,56.72
2026-01-03 12:55:00,sensor_03,24.51,53.34
2026-01-03 13:00:00,sensor_01,24.69,51.22
2026-01-03 13:05:00,sensor_03,23.63,55.55
2026-01-03 13:10:00,sensor_03,25.0,56.85
2026-01-03 13:15:00,sensor_02,24.72,55.01
2026-01-03 13:20:00,sensor_02,24.61,-1.37
2026-01-03 13:25:00,sensor_02,24.97,54.94
2026-01-03 13:30:00,sensor_02,25.32,54.52
2026-01-03 13:35:00,sensor_01,24.99,52.56
2026-01-03 13:40:00,sensor_02,23.56,53.83
2026-01-03 13:45:00,sensor_01,23.84,56.3
2026-01-03 13:50:00,sensor_02,24.17,55.9
2026-01-03 13:55:00,sensor_02,24.5,55.59
2026-01-03 14:00:00,sensor_03,24.26,53.51
2027-01-03 14:05:00,sensor_01,23.64,55.14
2026-01-03 14:10:00,sensor_03,24.09,51.15
2026-01-03 14:15:00,sensor_02,23.62,55.86
2026-01-03 14:20:00,sensor_01,23.69,58.36
2026-01-03 14:25:00,sensor_02,23.3,52.55
2026-01-03 14:30:00,sensor_03,23.54,54.33
2026-01-03 14:35:00,sensor_01,23.32,56.16
2026-01-03 14:40:00,sensor_03,23.51,58.01
2026-01-03 14:45:00,sensor_02,24.53,54.6
2026-01-03 14:50:00,sensor_02,23.53,54.12
2026-01-03 14:55:00,sensor_02,25.32,51.56
2026-01-03 15:00:00,sensor_01,23.83,55.91
2026-01-03 15:05:00,sensor_03,23.68,59.79
2026-01-03 15:10:00,sensor_03,23.16,112.76
2026-01-03 15:15:00,sensor_02,23.94,55.66
2026-01-03 15:20:00,sensor_03,23.3,56.35
2026-01-03 15:25:00,sensor_01,23.65,55.68
2026-01-03 15:30:00,sensor_02,24.87,54.08
2026-01-03 15:35:00,sensor_02,23.54,57.35
2027-01-03 15:40:00,sensor_02,24.16,56.16
2026-01-03 15:45:00,sensor_01,23.23,55.74
2026-01-03 15:50:00,sensor_02,23.57,53.76
2026-01-03 15:55:00,sensor_02,24.47,58.31
2026-01-03 16:00:00,sensor_02,22.95,57.2
2026-01-03 16:05:00,sensor_02,24.17,54.76
2026-01-03 16:10:00,sensor_03,23.62,57.87
2026-01-03 16:15:00,sensor_02,22.99,54.87
2026-01-03 16:20:00,sensor_01,23.58,54.3
2026-01-03 16:25:00,sensor_02,23.75,54.35
2026-01-03 16:30:00,sensor_02,23.58,52.32
2026-01-03 16:35:00,sensor_03,22.48,56.81
2026-01-03 16:40:00,sensor_02,22.9,52.2
2026-01-03 16:45:00,sensor_03,23.14,53.41
2026-01-03 16:50:00,sensor_01,23.23,51.71
2026-01-03 16:55:00,sensor_03,23.58,55.69
2026-01-03 17:00:00,sensor_02,23.16,55.67
2026-01-03 17:05:00,sensor_01,22.4,55.31
2026-01-03 17:10:00,sensor_02,23.26,53.88
2026-01-03 17:15:00,sensor_03,23.37,53.62
2026-01-03 17:20:00,sensor_01,23.35,56.89
2026-01-03 17:25:00,sensor_01,23.61,54.86
2026-01-03 17:30:00,sensor_03,23.49,56.6
2026-01-03 17:35:00,sensor_03,23.3,54.2
2026-01-03 17:40:00,sensor_01,23.03,56.33
2026-01-03 17:45:00,sensor_01,22.24,58.57
2026-01-03 17:50:00,sensor_03,23.28,57.14
2026-01-03 17:55:00,sensor_02,23.17,55.14
2026-01-03 18:00:00,sensor_01,23.14,56.51
2026-01-03 18:05:00,sensor_03,22.36,55.52
2026-01-03 18:10:00,sensor_02,22.46,56.02
2026-01-03 18:15:00,sensor_01,23.53,55.35
2026-01-03 18:20:00,sensor_01,22.98,55.67
2026-01-03 18:25:00,sensor_03,23.34,56.42
2026-01-03 18:30:00,sensor_02,23.01,54.01
2026-01-03 18:35:00,sensor_01,23.01,53.97
2026-01-03 18:40:00,sensor_02,23.47,53.22
2026-01-03 18:45:00,sensor_02,22.74,52.8
2026-01-03 18:50:00,sensor_01,23.05,53.57
2026-01-03 18:55:00,sensor_02,22.77,56.32
2026-01-03 19:00:00,sensor_01,22.85,54.18
2026-01-03 19:05:00,sensor_02,-14.38,56.99
2026-01-03 19:10:00,sensor_01,23.18,56.04
2026-01-03 19:15:00,sensor_03,22.83,52.03
2026-01-03 19:20:00,sensor_01,23.7,57.28
2026-01-03 19:25:00,sensor_01,22.62,57.59
2026-01-03 19:30:00,sensor_01,22.97,53.98
2026-01-03 19:35:00,sensor_02,22.85,56.81
2026-01-03 19:40:00,sensor_03,23.79,54.25
2026-01-03 19:45:00,sensor_02,23.17,56.16
2026-01-03 19:50:00,sensor_02,23.58,53.44
2026-01-03 19:55:00,sensor_01,22.33,52.38
2026-01-03 20:00:00,sensor_02,23.4,55.1
2026-01-03 20:05:00,sensor_01,23.71,55.62
2026-01-03 20:10:00,sensor_03,23.31,55.07
2026-01-03 20:15:00,sensor_02,23.8,53.5
2026-01-03 20:20:00,sensor_02,23.01,55.07
2026-01-03 20:25:00,sensor_02,23.97,56.4
2026-01-03 20:30:00,sensor_01,24.42,55.78
2026-01-03 20:35:00,sensor_01,23.09,56.23
2026-01-03 20:40:00,sensor_02,23.05,54.53
2027-01-03 20:45:00,sensor_02,23.99,58.21
2026-01-03 20:50:00,sensor_03,24.06,53.51
2026-01-03 20:55:00,sensor_03,23.01,56.84
2026-01-03 21:00:00,sensor_03,23.38,58.07
2026-01-03 21:05:00,sensor_03,23.44,56.67
2026-01-03 21:10:00,sensor_03,22.91,55.3
2026-01-03 21:15:00,sensor_01,23.13,54.65
2026-01-03 21:20:00,sensor_03,23.08,57.78
2026-01-03 21:25:00,sensor_03,23.2,52.86
2026-01-03 21:30:00,sensor_02,23.57,53.77
2026-01-03 21:35:00,sensor_01,23.7,54.91
2026-01-03 21:40:00,sensor_03,24.36,58.18
2026-01-03 21:45:00,sensor_03,23.09,56.47
2026-01-03 21:50:00,sensor_03,24.08,53.77
2026-01-03 21:55:00,sensor_02,23.48,55.09
2026-01-03 22:00:00,sensor_02,23.98,54.27
2026-01-03 22:05:00,sensor_02,24.34,54.08
2026-01-03 22:10:00,sensor_03,23.44,57.46
2026-01-03 22:15:00,sensor_02,24.19,52.76
2026-01-03 22:20:00,sensor_03,24.08,58.72
2026-01-03 22:25:00,sensor_01,24.25,57.16
2026-01-03 22:30:00,sensor_03,24.14,57.68
2026-01-03 22:35:00,sensor_02,25.23,54.57
2026-01-03 22:40:00,sensor_01,23.68,55.2
2026-01-03 22:45:00,sensor_03,23.73,52.63
2026-01-03 22:50:00,sensor_01,23.69,54.45
2026-01-03 22:55:00,sensor_01,23.72,56.49
2026-01-03 23:00:00,sensor_01,24.16,57.85
2026-01-03 23:05:00,sensor_03,25.08,53.04
2026-01-03 23:10:00,sensor_02,25.19,54.53
2026-01-03 23:15:00,sensor_03,24.2,54.96
2026-01-03 23:20:00,sensor_02,-13.76,52.47
2026-01-03 23:25:00,sensor_03,24.72,56.44
2026-01-03 23:30:00,sensor_03,24.21,53.81
2026-01-03 23:35:00,sensor_03,24.8,54.87
2026-01-03 23:40:00,sensor_02,24.58,54.35
2026-01-03 23:45:00,sensor_03,23.72,53.68
2026-01-03 23:50:00,sensor_01,25.26,55.24
2026-01-03 23:55:00,sensor_03,25.38,54.83
2026-01-04 00:00:00,sensor_01,24.69,54.26
2026-01-04 00:05:00,sensor_02,24.81,53.54
2026-01-04 00:10:00,sensor_02,25.14,55.64
2026-01-04 00:15:00,sensor_03,25.17,58.31
2026-01-04 00:20:00,sensor_03,25.33,55.28
2026-01-04 00:25:00,sensor_03,26.01,56.99
2026-01-04 00:30:00,sensor_01,24.91,52.22
2026-01-04 00:35:00,sensor_02,24.6,55.32
2026-01-04 00:40:00,sensor_01,24.31,52.81
2026-01-04 00:45:00,sensor_01,24.63,52.05
2026-01-04 00:50:00,sensor_03,24.98,53.52
2026-01-04 00:55:00,sensor_03,25.9,57.38
2026-01-04 01:00:00,sensor_01,25.26,56.64
2026-01-04 01:05:00,sensor_01,25.63,55.23
2026-01-04 01:10:00,sensor_03,25.51,51.68
2026-01-04 01:15:00,sensor_03,26.11,54.35
2026-01-04 01:20:00,sensor_01,26.78,55.34
2026-01-04 01:25:00,sensor_03,25.25,55.09
2026-01-04 01:30:00,sensor_03,25.27,51.05
2026-01-04 01:35:00,sensor_01,26.04,52.96
2026-01-04 01:40:00,sensor_01,-16.0,54.61
2026-01-04 01:45:00,sensor_02,26.44,55.81
2026-01-04 01:50:00,sensor_01,25.81,50.35
2026-01-04 01:55:00,sensor_03,25.34,54.42
2026-01-04 02:00:00,sensor_01,26.3,54.79
2026-01-04 02:05:00,sensor_01,26.55,56.2
2026-01-04 02:10:00,sensor_01,26.41,55.89
2026-01-04 02:15:00,sensor_02,26.25,55.67
2026-01-04 02:20:00,sensor_02,26.53,52.9
2026-01-04 02:25:00,sensor_03,26.58,50.68
2026-01-04 02:30:00,sensor_02,26.69,53.71
2026-01-04 02:35:00,sensor_01,26.32,56.5
2026-01-04 02:40:00,sensor_02,25.92,57.29
2026-01-04 02:45:00,sensor_01,26.07,55.92
2026-01-04 02:50:00,sensor_02,26.6,55.36
2026-01-04 02:55:00,sensor_02,25.59,55.26
2026-01-04 03:00:00,sensor_02,26.6,53.18
2026-01-04 03:05:00,sensor_01,26.22,54.03
2026-01-04 03:10:00,sensor_02,26.43,57.63
2026-01-04 03:15:00,sensor_01,27.05,52.41
2026-01-04 03:20:00,sensor_01,26.51,57.52
2026-01-04 03:25:00,sensor_03,26.44,-5.33
2026-01-04 03:30:00,sensor_02,25.73,56.94
2026-01-04 03:35:00,sensor_03,26.79,51.48
2026-01-04 03:40:00,sensor_03,26.74,55.46
2026-01-04 03:45:00,sensor_01,27.5,52.82
2026-01-04 03:50:00,sensor_02,26.26,51.46
2026-01-04 03:55:00,sensor_01,26.52,54.73
2026-01-04 04:00:00,sensor_01,26.86,56.15
2026-01-04 04:05:00,sensor_02,27.52,52.44
2026-01-04 04:10:00,sensor_01,26.68,51.14
2026-01-04 04:15:00,sensor_02,26.87,53.95
2026-01-04 04:20:00,sensor_02,27.04,53.96
2026-01-04 04:25:00,sensor_01,26.83,55.23
2026-01-04 04:30:00,sensor_01,26.51,56.03
2026-01-04 04:35:00,sensor_03,26.83,54.02
2026-01-04 04:40:00,sensor_01,27.27,57.84
2026-01-04 04:45:00,sensor_02,26.22,54.58
2026-01-04 04:50:00,sensor_03,26.8,53.44
2026-01-04 04:55:00,sensor_02,26.38,50.91
2026-01-04 05:00:00,sensor_03,27.53,53.51
2026-01-04 05:05:00,sensor_01,26.17,53.36
2026-01-04 05:10:00,sensor_01,26.65,55.95
2026-01-04 05:15:00,sensor_01,27.12,54.96
2026-01-04 05:20:00,sensor_02,27.71,51.68
2026-01-04 05:25:00,sensor_03,26.9,54.38
2026-01-04 05:30:00,sensor_02,26.65,55.38
2026-01-04 05:35:00,sensor_03,27.87,57.09
2026-01-04 05:40:00,sensor_01,26.21,55.81
2027-01-04 05:45:00,sensor_02,25.83,55.56
2026-01-04 05:50:00,sensor_01,27.15,54.15
2026-01-04 05:55:00,sensor_02,26.68,54.81
2026-01-04 06:00:00,sensor_01,26.49,56.5
2026-01-04 06:05:00,sensor_02,27.35,51.33
2026-01-04 06:10:00,sensor_02,27.12,53.3
2026-01-04 06:15:00,sensor_03,26.72,52.45
2026-01-04 06:20:00,sensor_01,26.36,54.76
2026-01-04 06:25:00,sensor_03,27.44,56.46
2026-01-04 06:30:00,sensor_03,27.33,52.81
2026-01-04 06:35:00,sensor_01,26.95,49.22
2026-01-04 06:40:00,sensor_02,27.92,53.18
2026-01-04 06:45:00,sensor_03,26.46,55.83
2026-01-04 06:50:00,sensor_01,26.24,55.08
2026-01-04 06:55:00,sensor_02,26.65,54.86
2026-01-04 07:00:00,sensor_03,26.91,53.47
2026-01-04 07:05:00,sensor_03,27.05,51.48
2026-01-04 07:10:00,sensor_03,26.81,55.06
2026-01-04 07:15:00,sensor_02,27.11,52.37
2026-01-04 07:20:00,sensor_03,26.31,58.4
2026-01-04 07:25:00,sensor_02,27.65,55.18
2026-01-04 07:30:00,sensor_03,26.89,52.87
2026-01-04 07:35:00,sensor_01,27.49,52.81
2026-01-04 07:40:00,sensor_03,27.1,53.85
2026-01-04 07:45:00,sensor_01,27.16,53.56
2026-01-04 07:50:00,sensor_01,27.22,56.27
2026-01-04 07:55:00,sensor_01,27.16,54.41
2026-01-04 08:00:00,sensor_02,27.05,52.67
2026-01-04 08:05:00,sensor_01,27.4,57.91
2026-01-04 08:10:00,sensor_03,26.83,54.23
2026-01-04 08:15:00,sensor_02,27.09,55.67
2026-01-04 08:20:00,sensor_01,26.69,52.92
2026-01-04 08:25:00,sensor_02,27.45,54.86
2026-01-04 08:30:00,sensor_02,26.39,54.76
2026-01-04 08:35:00,sensor_02,27.63,50.35
2026-01-04 08:40:00,sensor_03,26.71,58.16
2026-01-04 08:45:00,sensor_01,26.02,56.72
2026-01-04 08:50:00,sensor_02,26.8,53.34
2026-01-04 08:55:00,sensor_02,26.39,51.93
2026-01-04 09:00:00,sensor_02,26.83,54.99
2026-01-04 09:05:00,sensor_01,26.09,54.47
2026-01-04 09:10:00,sensor_02,26.19,55.0
2026-01-04 09:15:00,sensor_02,25.47,54.68
2026-01-04 09:20:00,sensor_03,26.19,55.31
2026-01-04 09:25:00,sensor_01,25.2,57.19
2026-01-04 09:30:00,sensor_03,25.62,55.43
2026-01-04 09:35:00,sensor_01,26.79,52.19
2026-01-04 09:40:00,sensor_01,26.81,57.02
2026-01-04 09:45:00,sensor_01,26.63,57.57
2026-01-04 09:50:00,sensor_03,25.93,60.6
2026-01-04 09:55:00,sensor_03,26.39,52.05
2026-01-04 10:00:00,sensor_03,26.0,54.99
2026-01-04 10:05:00,sensor_03,25.42,50.34
2026-01-04 10:10:00,sensor_02,26.75,55.61
2026-01-04 10:15:00,sensor_02,26.44,53.4
2026-01-04 10:20:00,sensor_02,25.89,58.35
2026-01-04 10:25:00,sensor_01,26.01,52.95
2026-01-04 10:30:00,sensor_02,26.1,51.12
2026-01-04 10:35:00,sensor_01,24.98,53.56
2026-01-04 10:40:00,sensor_03,25.88,50.55
2026-01-04 10:45:00,sensor_01,25.66,56.0
2026-01-04 10:50:00,sensor_01,25.5,50.37
2026-01-04 10:55:00,sensor_02,25.86,54.56
2026-01-04 11:00:00,sensor_03,26.42,50.59
2026-01-04 11:05:00,sensor_03,25.84,54.1
2026-01-04 11:10:00,sensor_02,25.23,58.03
2026-01-04 11:15:00,sensor_03,25.8,55.46
2026-01-04 11:20:00,sensor_03,26.22,53.01
2026-01-04 11:25:00,sensor_03,25.98,54.68
2026-01-04 11:30:00,sensor_02,101.41,54.78
2026-01-04 11:35:00,sensor_03,25.19,55.69
2026-01-04 11:40:00,sensor_01,25.87,52.01
2026-01-04 11:45:00,sensor_01,25.71,55.93
2026-01-04 11:50:00,sensor_03,25.97,49.33
2026-01-04 11:55:00,sensor_02,25.84,53.48
2026-01-04 12:00:00,sensor_02,25.52,54.02
2026-01-04 12:05:00,sensor_02,24.73,56.27
2026-01-04 12:10:00,sensor_03,25.66,55.05
2026-01-04 12:15:00,sensor_03,25.1,52.19
2026-01-04 12:20:00,sensor_01,26.04,53.03
2026-01-04 12:25:00,sensor_02,24.66,55.4
2026-01-04 12:30:00,sensor_01,25.87,54.84
2026-01-04 12:35:00,sensor_01,25.1,53.84
2026-01-04 12:40:00,sensor_02,24.67,54.04
2026-01-04 12:45:00,sensor_03,24.76,56.39
2026-01-04 12:50:00,sensor_03,24.84,53.96
2026-01-04 12:55:00,sensor_01,25.21,54.82
2026-01-04 13:00:00,sensor_01,24.74,59.6
2026-01-04 13:05:00,sensor_01,24.2,52.41
2026-01-04 13:10:00,sensor_01,24.47,51.56
2026-01-04 13:15:00,sensor_02,25.55,56.83
2026-01-04 13:20:00,sensor_01,25.35,53.9
2026-01-04 13:25:00,sensor_01,24.7,54.62
2026-01-04 13:30:00,sensor_03,24.5,53.7
2026-01-04 13:35:00,sensor_03,24.54,54.74
2026-01-04 13:40:00,sensor_03,24.79,58.46
2026-01-04 13:45:00,sensor_02,23.97,56.86
2026-01-04 13:50:00,sensor_02,24.35,56.98
2026-01-04 13:55:00,sensor_03,23.65,52.43
2026-01-04 14:00:00,sensor_03,24.2,53.2
2026-01-04 14:05:00,sensor_01,24.32,49.82
2026-01-04 14:10:00,sensor_01,23.76,53.88
2026-01-04 14:15:00,sensor_02,24.79,57.41
2026-01-04 14:20:00,sensor_02,23.39,56.53
2026-01-04 14:25:00,sensor_01,23.27,55.06
2026-01-04 14:30:00,sensor_03,24.11,55.46
2026-01-04 14:35:00,sensor_01,24.52,54.12
2026-01-04 14:40:00,sensor_02,24.84,55.91
2026-01-04 14:45:00,sensor_02,23.77,57.03
2026-01-04 14:50:00,sensor_01,24.54,52.27
2026-01-04 14:55:00,sensor_01,-18.94,56.1
2026-01-04 15:00:00,sensor_01,23.5,57.57
2026-01-04 15:05:00,sensor_02,24.03,54.88
2026-01-04 15:10:00,sensor_03,23.91,57.11
2026-01-04 15:15:00,sensor_01,22.8,61.34
2026-01-04 15:20:00,sensor_02,24.32,55.5
2026-01-04 15:25:00,sensor_02,24.28,56.49
2026-01-04 15:30:00,sensor_02,23.27,54.23
2026-01-04 15:35:00,sensor_01,23.78,56.07
2026-01-04 15:40:00,sensor_01,23.83,56.63
2026-01-04 15:45:00,sensor_03,23.72,56.1
2026-01-04 15:50:00,sensor_02,23.31,53.67
2026-01-04 15:55:00,sensor_01,23.25,56.12
2026-01-04 16:00:00,sensor_02,23.26,58.79
2026-01-04 16:05:00,sensor_02,23.85,56.76
2026-01-04 16:10:00,sensor_03,23.54,57.79
2026-01-04 16:15:00,sensor_01,23.08,55.39
2026-01-04 16:20:00,sensor_01,23.65,57.37
2026-01-04 16:25:00,sensor_02,21.84,56.42
2026-01-04 16:30:00,sensor_02,23.84,53.96
2026-01-04 16:35:00,sensor_03,22.4,56.5
2026-01-04 16:40:00,sensor_03,23.09,53.88
2026-01-04 16:45:00,sensor_03,22.71,54.6
2026-01-04 16:50:00,sensor_03,22.62,56.24
2026-01-04 16:55:00,sensor_03,23.85,56.46
2026-01-04 17:00:00,sensor_03,22.83,53.59
2026-01-04 17:05:00,sensor_02,23.24,58.07
2026-01-04 17:10:00,sensor_03,23.04,57.11
2026-01-04 17:15:00,sensor_02,23.31,54.56
2026-01-04 17:20:00,sensor_02,23.11,52.89
2026-01-04 17:25:00,sensor_01,22.43,55.68
2026-01-04 17:30:00,sensor_02,23.57,55.07
2026-01-04 17:35:00,sensor_02,22.82,56.19
2026-01-04 17:40:00,sensor_03,22.29,55.24
2026-01-04 17:45:00,sensor_02,22.85,51.95
2026-01-04 17:50:00,sensor_03,23.82,55.19
2026-01-04 17:55:00,sensor_03,23.49,55.35
2026-01-04 18:00:00,sensor_03,22.83,57.27
2026-01-04 18:05:00,sensor_01,22.83,54.6
2026-01-04 18:10:00,sensor_03,22.84,59.36
2026-01-04 18:15:00,sensor_02,24.04,52.18
2026-01-04 18:20:00,sensor_03,23.19,58.62
2026-01-04 18:25:00,sensor_03,23.22,55.55
2026-01-04 18:30:00,sensor_03,23.52,57.72
2026-01-04 18:35:00,sensor_01,23.12,56.16
2026-01-04 18:40:00,sensor_02,22.87,58.28
2026-01-04 18:45:00,sensor_01,22.9,55.23
2026-01-04 18:50:00,sensor_02,22.96,53.8
2026-01-04 18:55:00,sensor_01,22.98,58.84
2026-01-04 19:00:00,sensor_02,23.43,55.74
2026-01-04 19:05:00,sensor_01,23.09,56.41
2026-01-04 19:10:00,sensor_03,23.43,58.44
2026-01-04 19:15:00,sensor_01,23.03,53.9
2026-01-04 19:20:00,sensor_01,23.11,57.16
2026-01-04 19:25:00,sensor_03,22.07,54.79
2026-01-04 19:30:00,sensor_03,23.53,55.7
2026-01-04 19:35:00,sensor_02,23.24,56.11
2026-01-04 19:40:00,sensor_02,23.57,52.97
2026-01-04 19:45:00,sensor_02,21.62,54.41
2026-01-04 19:50:00,sensor_01,24.11,58.67
2026-01-04 19:55:00,sensor_02,23.0,57.74
2026-01-04 20:00:00,sensor_01,23.82,55.74
2026-01-04 20:05:00,sensor_01,22.75,56.35
2026-01-04 20:10:00,sensor_02,23.57,55.28
2026-01-04 20:15:00,sensor_02,22.74,58.58
2026-01-04 20:20:00,sensor_01,22.96,55.47
2026-01-04 20:25:00,sensor_03,24.22,56.33
2026-01-04 20:30:00,sensor_03,23.17,58.16
2026-01-04 20:35:00,sensor_01,23.38,54.31
2026-01-04 20:40:00,sensor_02,23.7,58.98
2026-01-04 20:45:00,sensor_01,23.52,52.81
2026-01-04 20:50:00,sensor_01,23.34,59.13
2026-01-04 20:55:00,sensor_02,23.45,55.12
2026-01-04 21:00:00,sensor_03,24.79,55.22
2026-01-04 21:05:00,sensor_01,23.56,51.93
2026-01-04 21:10:00,sensor_03,23.69,54.8
2026-01-04 21:15:00,sensor_03,24.11,53.63
2026-01-04 21:20:00,sensor_02,24.14,54.49
2026-01-04 21:25:00,sensor_01,24.18,55.43
2026-01-04 21:30:00,sensor_01,23.91,57.62
2026-01-04 21:35:00,sensor_03,23.01,56.12
2026-01-04 21:40:00,sensor_03,24.4,56.32
2026-01-04 21:45:00,sensor_02,23.01,53.52
2026-01-04 21:50:00,sensor_03,23.74,53.95
2026-01-04 21:55:00,sensor_02,23.21,59.3
2026-01-04 22:00:00,sensor_01,23.97,54.03
2026-01-04 22:05:00,sensor_02,24.16,58.81
2026-01-04 22:10:00,sensor_03,24.16,55.01
2026-01-04 22:15:00,sensor_01,24.21,55.5
2026-01-04 22:20:00,sensor_02,24.81,57.64
2026-01-04 22:25:00,sensor_01,24.23,58.04
2026-01-04 22:30:00,sensor_02,23.88,55.28
2026-01-04 22:35:00,sensor_03,24.48,54.72
2026-01-04 22:40:00,sensor_03,24.59,55.39
2026-01-04 22:45:00,sensor_01,23.39,56.18
2026-01-04 22:50:00,sensor_01,24.3,57.28
2026-01-04 22:55:00,sensor_01,24.35,55.51
2026-01-04 23:00:00,sensor_02,24.33,56.5
2026-01-04 23:05:00,sensor_03,25.17,58.54
2026-01-04 23:10:00,sensor_01,24.41,56.02
2026-01-04 23:15:00,sensor_01,24.55,55.88
2026-01-04 23:20:00,sensor_01,24.4,52.22
2026-01-04 23:25:00,sensor_02,24.49,50.0
2026-01-04 23:30:00,sensor_01,23.93,56.04
2026-01-04 23:35:00,sensor_01,23.76,55.07
2026-01-04 23:40:00,sensor_02,25.28,54.23
2026-01-04 23:45:00,sensor_02,24.06,55.75
2026-01-04 23:50:00,sensor_01,23.99,55.14
2026-01-04 23:55:00,sensor_01,23.41,57.51
2026-01-05 00:00:00,sensor_02,24.68,55.17
2026-01-05 00:05:00,sensor_03,24.34,53.51
2026-01-05 00:10:00,sensor_02,25.82,56.98
2026-01-05 00:15:00,sensor_03,25.5,54.57
2026-01-05 00:20:00,sensor_01,24.66,56.05
2026-01-05 00:25:00,sensor_01,26.13,54.05
2026-01-05 00:30:00,sensor_03,25.49,53.7
2026-01-05 00:35:00,sensor_02,24.84,55.17
2026-01-05 00:40:00,sensor_01,23.75,55.03
2026-01-05 00:45:00,sensor_03,26.15,55.96
2026-01-05 00:50:00,sensor_02,24.31,54.46
2026-01-05 00:55:00,sensor_03,24.18,51.33
2026-01-05 01:00:00,sensor_02,26.03,53.88
2026-01-05 01:05:00,sensor_02,26.74,56.33
2026-01-05 01:10:00,sensor_02,26.21,54.15
2026-01-05 01:15:00,sensor_02,25.8,54.25
2026-01-05 01:20:00,sensor_03,25.82,56.71
2026-01-05 01:25:00,sensor_03,25.94,53.32
2026-01-05 01:30:00,sensor_03,25.9,51.66
2026-01-05 01:35:00,sensor_03,25.66,54.42
2026-01-05 01:40:00,sensor_03,25.57,53.77
2026-01-05 01:45:00,sensor_02,25.49,52.81
2026-01-05 01:50:00,sensor_01,25.14,54.39
2026-01-05 01:55:00,sensor_01,25.38,55.72
2026-01-05 02:00:00,sensor_03,25.15,54.48
2026-01-05 02:05:00,sensor_03,25.95,55.11
2026-01-05 02:10:00,sensor_01,25.51,58.13
2026-01-05 02:15:00,sensor_02,25.45,53.81
2026-01-05 02:20:00,sensor_03,26.09,55.06
2026-01-05 02:25:00,sensor_02,26.7,53.48
2026-01-05 02:30:00,sensor_01,26.46,52.81
2026-01-05 02:35:00,sensor_01,25.21,53.33
2026-01-05 02:40:00,sensor_03,25.51,53.54
2026-01-05 02:45:00,sensor_02,26.47,55.22
2026-01-05 02:50:00,sensor_03,25.51,59.2
2026-01-05 02:55:00,sensor_01,25.89,53.07
2026-01-05 03:00:00,sensor_02,26.69,53.46
2026-01-05 03:05:00,sensor_03,25.93,54.17
2026-01-05 03:10:00,sensor_03,26.47,55.08
2026-01-05 03:15:00,sensor_03,25.75,54.82
2026-01-05 03:20:00,sensor_01,26.11,56.86
2026-01-05 03:25:00,sensor_03,26.57,49.44
2026-01-05 03:30:00,sensor_02,25.62,49.52
2026-01-05 03:35:00,sensor_03,26.63,53.3
2026-01-05 03:40:00,sensor_01,26.4,56.49
2026-01-05 03:45:00,sensor_03,26.69,51.16
2026-01-05 03:50:00,sensor_01,26.53,48.28
2026-01-05 03:55:00,sensor_01,27.1,-5.43
2026-01-05 04:00:00,sensor_02,26.79,54.62
2026-01-05 04:05:00,sensor_02,26.79,54.62
2026-01-05 04:10:00,sensor_03,26.79,54.62
2026-01-05 04:15:00,sensor_01,26.79,54.62
2026-01-05 04:20:00,sensor_01,26.79,54.62
2026-01-05 04:25:00,sensor_02,26.79,54.62
2026-01-05 04:30:00,sensor_02,26.79,54.62
2026-01-05 04:35:00,sensor_03,26.79,54.62
2026-01-05 04:40:00,sensor_01,26.79,54.62
2026-01-05 04:45:00,sensor_02,26.79,54.62
2026-01-05 04:50:00,sensor_03,26.79,54.62
2026-01-05 04:55:00,sensor_01,26.79,54.62
2026-01-05 05:00:00,sensor_01,26.79,54.62
2026-01-05 05:05:00,sensor_02,26.79,54.62
2026-01-05 05:10:00,sensor_03,26.79,54.62
2026-01-05 05:15:00,sensor_02,26.79,54.62
2026-01-05 05:20:00,sensor_03,26.79,54.62
2026-01-05 05:25:00,sensor_01,26.79,54.62
2026-01-05 05:30:00,sensor_03,26.79,54.62
2026-01-05 05:35:00,sensor_03,26.79,54.62
2026-01-05 05:40:00,sensor_03,26.79,54.62
2026-01-05 05:45:00,sensor_03,26.79,54.62
2026-01-05 05:50:00,sensor_03,26.79,54.62
2026-01-05 05:55:00,sensor_02,26.79,54.62
2026-01-05 06:00:00,sensor_03,26.79,54.62
2026-01-05 06:05:00,sensor_03,26.79,54.62
2026-01-05 06:10:00,sensor_01,26.79,54.62
2026-01-05 06:15:00,sensor_03,26.79,54.62
2026-01-05 06:20:00,sensor_01,26.79,54.62
2026-01-05 06:25:00,sensor_02,26.79,54.62
2026-01-05 06:30:00,sensor_02,26.79,54.62
2026-01-05 06:35:00,sensor_03,26.79,54.62
2026-01-05 06:40:00,sensor_02,26.79,54.62
2026-01-05 06:45:00,sensor_03,26.79,54.62
2026-01-05 06:50:00,sensor_02,26.79,54.62
2026-01-05 06:55:00,sensor_03,26.79,54.62
2026-01-05 07:00:00,sensor_03,27.77,56.9
2026-01-05 07:05:00,sensor_01,26.66,53.34
2026-01-05 07:10:00,sensor_01,27.22,56.94
2026-01-05 07:15:00,sensor_01,27.75,53.88
2026-01-05 07:20:00,sensor_01,26.74,50.35
2026-01-05 07:25:00,sensor_03,26.83,55.82
2026-01-05 07:30:00,sensor_02,26.64,52.85
2026-01-05 07:35:00,sensor_03,26.42,55.43
2026-01-05 07:40:00,sensor_01,26.61,54.08
2026-01-05 07:45:00,sensor_01,26.32,50.95
2026-01-05 07:50:00,sensor_02,26.95,54.36
2026-01-05 07:55:00,sensor_01,26.55,58.43
2026-01-05 08:00:00,sensor_03,26.85,55.12
2026-01-05 08:05:00,sensor_03,25.95,54.02
2026-01-05 08:10:00,sensor_03,26.9,56.28
2026-01-05 08:15:00,sensor_03,27.15,54.56
2026-01-05 08:20:00,sensor_03,25.74,54.55
2026-01-05 08:25:00,sensor_02,26.92,51.95
2026-01-05 08:30:00,sensor_03,27.35,54.6
2026-01-05 08:35:00,sensor_01,26.13,56.2
2026-01-05 08:40:00,sensor_01,27.57,52.46
2026-01-05 08:45:00,sensor_01,26.94,56.98
2026-01-05 08:50:00,sensor_01,26.38,53.95
2026-01-05 08:55:00,sensor_02,26.7,52.36
2026-01-05 09:00:00,sensor_01,-6.78,56.29
2026-01-05 09:05:00,sensor_02,26.45,53.72
2026-01-05 09:10:00,sensor_01,26.68,55.81
2026-01-05 09:15:00,sensor_02,25.95,53.71
2026-01-05 09:20:00,sensor_02,26.5,54.17
2026-01-05 09:25:00,sensor_02,25.71,55.28
2026-01-05 09:30:00,sensor_01,26.36,54.87
2026-01-05 09:35:00,sensor_02,25.96,50.3
2026-01-05 09:40:00,sensor_03,26.05,52.05
2026-01-05 09:45:00,sensor_03,27.03,56.15
2026-01-05 09:50:00,sensor_01,26.96,54.03
2026-01-05 09:55:00,sensor_03,26.72,53.25
2026-01-05 10:00:00,sensor_03,25.45,51.78
2026-01-05 10:05:00,sensor_03,25.84,52.34
2026-01-05 10:10:00,sensor_01,26.61,50.46
2026-01-05 10:15:00,sensor_01,26.07,54.3
2026-01-05 10:20:00,sensor_03,27.16,53.3
2026-01-05 10:25:00,sensor_01,26.2,52.57
2026-01-05 10:30:00,sensor_02,26.1,54.36
2026-01-05 10:35:00,sensor_03,25.85,55.23
2026-01-05 10:40:00,sensor_01,26.07,58.69
2026-01-05 10:45:00,sensor_01,25.92,51.48
2026-01-05 10:50:00,sensor_03,26.35,56.82
2026-01-05 10:55:00,sensor_01,26.48,56.45
2026-01-05 11:00:00,sensor_03,25.12,53.18
2026-01-05 11:05:00,sensor_01,24.85,55.15
2026-01-05 11:10:00,sensor_02,24.6,53.83
2026-01-05 11:15:00,sensor_03,25.77,55.11
2026-01-05 11:20:00,sensor_02,24.97,57.76
2026-01-05 11:25:00,sensor_03,24.44,55.95
2026-01-05 11:30:00,sensor_01,25.71,55.76
2026-01-05 11:35:00,sensor_02,26.76,53.88
2026-01-05 11:40:00,sensor_01,25.51,51.77
2026-01-05 11:45:00,sensor_03,25.94,54.32
2026-01-05 11:50:00,sensor_03,25.56,57.15
2026-01-05 11:55:00,sensor_03,25.47,51.69
2026-01-05 12:00:00,sensor_03,25.46,52.89
2026-01-05 12:05:00,sensor_03,24.85,55.25
2026-01-05 12:10:00,sensor_02,25.13,53.03
2026-01-05 12:15:00,sensor_03,25.16,53.41
2026-01-05 12:20:00,sensor_01,24.67,54.15
2026-01-05 12:25:00,sensor_02,25.5,52.27
2026-01-05 12:30:00,sensor_01,24.91,53.05
2026-01-05 12:35:00,sensor_03,24.62,56.41
2026-01-05 12:40:00,sensor_01,25.27,52.39
2026-01-05 12:45:00,sensor_02,24.55,51.8
2026-01-05 12:50:00,sensor_02,25.01,53.74
2026-01-05 12:55:00,sensor_02,25.0,56.46
2026-01-05 13:00:00,sensor_01,25.03,54.86
2026-01-05 13:05:00,sensor_02,24.72,54.33
2026-01-05 13:10:00,sensor_01,24.47,55.35
2026-01-05 13:15:00,sensor_03,24.89,51.77
2026-01-05 13:20:00,sensor_03,25.18,56.25
2026-01-05 13:25:00,sensor_01,24.76,56.03
2026-01-05 13:30:00,sensor_02,24.49,54.44
2026-01-05 13:35:00,sensor_01,23.83,57.27
2026-01-05 13:40:00,sensor_01,23.95,53.0
2026-01-05 13:45:00,sensor_01,24.33,57.51
2026-01-05 13:50:00,sensor_03,24.18,55.57
2026-01-05 13:55:00,sensor_01,24.39,54.59
2026-01-05 14:00:00,sensor_03,24.03,55.46
2026-01-05 14:05:00,sensor_01,24.26,55.29
2026-01-05 14:10:00,sensor_03,23.96,57.94
2026-01-05 14:15:00,sensor_01,24.24,53.35
2026-01-05 14:20:00,sensor_01,24.03,53.97
2026-01-05 14:25:00,sensor_02,23.01,57.57
2026-01-05 14:30:00,sensor_02,23.53,54.31
2026-01-05 14:35:00,sensor_01,23.93,57.3
2026-01-05 14:40:00,sensor_01,23.4,58.9
2026-01-05 14:45:00,sensor_01,24.3,54.7
2026-01-05 14:50:00,sensor_01,24.77,56.86
2026-01-05 14:55:00,sensor_02,24.61,53.19
2026-01-05 15:00:00,sensor_03,23.48,57.22
2026-01-05 15:05:00,sensor_01,24.33,56.11
2026-01-05 15:10:00,sensor_02,23.66,56.65
2026-01-05 15:15:00,sensor_01,23.42,54.42
2026-01-05 15:20:00,sensor_01,23.28,52.38
2026-01-05 15:25:00,sensor_03,23.43,56.71
2026-01-05 15:30:00,sensor_01,23.39,51.58
2026-01-05 15:35:00,sensor_01,23.67,55.07
2026-01-05 15:40:00,sensor_03,23.67,57.59
2026-01-05 15:45:00,sensor_03,23.59,56.09
2026-01-05 15:50:00,sensor_03,-18.15,59.6
2026-01-05 15:55:00,sensor_03,24.18,57.76
2026-01-05 16:00:00,sensor_02,23.74,54.56
2026-01-05 16:05:00,sensor_02,22.53,55.92
2026-01-05 16:10:00,sensor_02,21.99,55.77
2026-01-05 16:15:00,sensor_01,23.74,52.7
2026-01-05 16:20:00,sensor_03,22.58,53.99
2026-01-05 16:25:00,sensor_03,23.16,54.74
2026-01-05 16:30:00,sensor_02,22.68,51.79
2026-01-05 16:35:00,sensor_01,22.37,55.96
2026-01-05 16:40:00,sensor_01,23.54,55.37
2026-01-05 16:45:00,sensor_01,23.65,52.52
2026-01-05 16:50:00,sensor_02,22.98,56.67
2026-01-05 16:55:00,sensor_01,21.97,57.3
2026-01-05 17:00:00,sensor_01,22.8,56.42
2026-01-05 17:05:00,sensor_01,23.26,55.32
2026-01-05 17:10:00,sensor_03,22.33,57.15
2026-01-05 17:15:00,sensor_02,23.16,57.33
2026-01-05 17:20:00,sensor_03,23.06,56.58
2026-01-05 17:25:00,sensor_03,23.36,54.32
2026-01-05 17:30:00,sensor_02,23.13,56.52
2026-01-05 17:35:00,sensor_03,22.58,58.36
2026-01-05 17:40:00,sensor_01,23.67,54.77
2026-01-05 17:45:00,sensor_01,22.99,60.16
2026-01-05 17:50:00,sensor_01,23.05,54.91
2026-01-05 17:55:00,sensor_01,22.6,56.03
2026-01-05 18:00:00,sensor_02,22.78,54.66
2026-01-05 18:05:00,sensor_03,22.56,56.45
2026-01-05 18:10:00,sensor_03,22.91,52.52
2026-01-05 18:15:00,sensor_01,23.86,54.91
2026-01-05 18:20:00,sensor_01,22.31,53.82
2026-01-05 18:25:00,sensor_03,22.19,56.27
2026-01-05 18:30:00,sensor_02,23.74,57.99
2026-01-05 18:35:00,sensor_03,22.9,57.29
2026-01-05 18:40:00,sensor_01,22.67,51.26
2026-01-05 18:45:00,sensor_01,23.52,60.08
2026-01-05 18:50:00,sensor_02,22.7,56.59
2026-01-05 18:55:00,sensor_03,23.91,54.45
2026-01-05 19:00:00,sensor_02,23.41,56.28
2026-01-05 19:05:00,sensor_02,22.82,56.32
2026-01-05 19:10:00,sensor_01,24.15,54.63
2026-01-05 19:15:00,sensor_03,22.77,56.36
2026-01-05 19:20:00,sensor_01,23.44,54.75
2026-01-05 19:25:00,sensor_03,23.22,55.16
2026-01-05 19:30:00,sensor_01,23.72,54.59
2026-01-05 19:35:00,sensor_01,23.85,53.1
2026-01-05 19:40:00,sensor_03,23.08,56.26
2026-01-05 19:45:00,sensor_03,22.69,57.14
2026-01-05 19:50:00,sensor_01,23.3,57.0
2026-01-05 19:55:00,sensor_03,22.73,57.61
2026-01-05 20:00:00,sensor_01,24.27,56.51
2026-01-05 20:05:00,sensor_03,23.34,54.8
2026-01-05 20:10:00,sensor_01,23.09,57.55
2026-01-05 20:15:00,sensor_01,23.36,53.15
2026-01-05 20:20:00,sensor_01,22.59,54.06
2026-01-05 20:25:00,sensor_02,22.78,53.94
2026-01-05 20:30:00,sensor_03,23.87,58.03
2026-01-05 20:35:00,sensor_01,22.94,57.75
2026-01-05 20:40:00,sensor_02,22.74,56.84
2026-01-05 20:45:00,sensor_01,23.54,58.01
2026-01-05 20:50:00,sensor_02,23.86,54.11
2026-01-05 20:55:00,sensor_01,23.63,56.56
2026-01-05 21:00:00,sensor_01,24.08,55.46
2026-01-05 21:05:00,sensor_02,23.21,57.4
2026-01-05 21:10:00,sensor_02,22.87,55.48
2026-01-05 21:15:00,sensor_03,24.34,54.94
2026-01-05 21:20:00,sensor_03,23.42,56.79
2026-01-05 21:25:00,sensor_02,23.46,57.46
2026-01-05 21:30:00,sensor_03,24.25,54.37
2026-01-05 21:35:00,sensor_02,23.86,55.58
2026-01-05 21:40:00,sensor_03,23.81,53.59
2026-01-05 21:45:00,sensor_01,24.67,50.71
2026-01-05 21:50:00,sensor_03,23.26,56.11
2026-01-05 21:55:00,sensor_01,24.05,56.92
2026-01-05 22:00:00,sensor_01,24.03,56.02
2026-01-05 22:05:00,sensor_03,24.13,51.6
2026-01-05 22:10:00,sensor_02,24.76,54.8
2026-01-05 22:15:00,sensor_01,24.25,51.06
2026-01-05 22:20:00,sensor_01,24.27,58.24
2026-01-05 22:25:00,sensor_03,24.54,53.33
2026-01-05 22:30:00,sensor_02,23.82,58.01
2026-01-05 22:35:00,sensor_02,23.58,57.39
2026-01-05 22:40:00,sensor_03,23.48,53.7
2026-01-05 22:45:00,sensor_02,23.02,53.23
2026-01-05 22:50:00,sensor_03,25.03,56.2
2026-01-05 22:55:00,sensor_03,23.45,53.81
2026-01-05 23:00:00,sensor_03,24.37,55.46
2026-01-05 23:05:00,sensor_01,24.34,54.29
2026-01-05 23:10:00,sensor_01,24.64,51.7
2026-01-05 23:15:00,sensor_01,24.89,50.8
2026-01-05 23:20:00,sensor_03,24.91,55.71
2026-01-05 23:25:00,sensor_01,24.19,54.14
2026-01-05 23:30:00,sensor_01,24.4,54.15
2026-01-05 23:35:00,sensor_01,24.62,56.65
2026-01-05 23:40:00,sensor_03,24.36,57.61
2026-01-05 23:45:00,sensor_03,25.29,54.71
2026-01-05 23:50:00,sensor_03,24.73,54.58
2026-01-05 23:55:00,sensor_01,24.85,56.26
2026-01-06 00:00:00,sensor_02,25.33,52.29
2026-01-06 00:05:00,sensor_01,25.59,55.45
2026-01-06 00:10:00,sensor_01,25.09,56.1
2026-01-06 00:15:00,sensor_03,24.35,56.36
2026-01-06 00:20:00,sensor_03,25.2,51.13
2026-01-06 00:25:00,sensor_01,24.67,53.48
2026-01-06 00:30:00,sensor_01,24.74,53.24
2026-01-06 00:35:00,sensor_02,25.29,55.2
2026-01-06 00:40:00,sensor_02,25.62,55.96
2026-01-06 00:45:00,sensor_03,25.01,57.99
2026-01-06 00:50:00,sensor_02,25.15,54.01
2026-01-06 00:55:00,sensor_02,25.85,54.0
2026-01-06 01:00:00,sensor_03,25.64,57.04
2026-01-06 01:05:00,sensor_02,26.82,55.33
2026-01-06 01:10:00,sensor_01,25.8,57.28
2026-01-06 01:15:00,sensor_02,24.64,55.32
2026-01-06 01:20:00,sensor_03,25.89,52.43
2026-01-06 01:25:00,sensor_01,25.71,52.07
2026-01-06 01:30:00,sensor_02,26.16,51.64
2026-01-06 01:35:00,sensor_01,25.85,56.07
2026-01-06 01:40:00,sensor_01,25.45,57.12
2026-01-06 01:45:00,sensor_02,24.91,58.44
2026-01-06 01:50:00,sensor_02,25.41,56.43
2026-01-06 01:55:00,sensor_03,25.09,57.07
2026-01-06 02:00:00,sensor_03,25.71,53.34
2026-01-06 02:05:00,sensor_01,26.29,52.19
2026-01-06 02:10:00,sensor_03,26.83,56.2
2026-01-06 02:15:00,sensor_01,26.2,55.34
2026-01-06 02:20:00,sensor_01,25.4,54.71
2026-01-06 02:25:00,sensor_03,26.22,55.27
2026-01-06 02:30:00,sensor_03,26.6,55.15
2026-01-06 02:35:00,sensor_03,25.7,124.2
2026-01-06 02:40:00,sensor_02,25.93,57.09
2026-01-06 02:45:00,sensor_01,26.01,55.59
2026-01-06 02:50:00,sensor_01,25.61,56.19
2026-01-06 02:55:00,sensor_01,26.32,55.53
2026-01-06 03:00:00,sensor_03,26.35,53.37
2026-01-06 03:05:00,sensor_03,26.62,55.81
2026-01-06 03:10:00,sensor_03,25.97,51.5
2026-01-06 03:15:00,sensor_03,26.2,56.4
2026-01-06 03:20:00,sensor_03,26.78,51.9
2026-01-06 03:25:00,sensor_02,26.23,54.86
2026-01-06 03:30:00,sensor_03,27.28,52.6
2026-01-06 03:35:00,sensor_01,26.21,55.4
2026-01-06 03:40:00,sensor_03,26.53,54.23
2026-01-06 03:45:00,sensor_01,26.88,51.1
2026-01-06 03:50:00,sensor_03,25.71,55.13
2026-01-06 03:55:00,sensor_03,25.53,53.14
2026-01-06 04:00:00,sensor_01,25.97,55.9
2026-01-06 04:05:00,sensor_01,27.36,54.14
2026-01-06 04:10:00,sensor_01,26.46,54.92
2026-01-06 04:15:00,sensor_01,28.01,52.22
2026-01-06 04:20:00,sensor_02,26.45,52.96
2026-01-06 04:25:00,sensor_01,26.82,53.22
2026-01-06 04:30:00,sensor_03,27.5,55.85
2026-01-06 04:35:00,sensor_03,27.74,57.49
2026-01-06 04:40:00,sensor_02,27.76,52.52
2026-01-06 04:45:00,sensor_01,27.34,56.29
2026-01-06 04:50:00,sensor_03,27.24,49.79
2026-01-06 04:55:00,sensor_02,27.03,51.75
2026-01-06 05:00:00,sensor_03,27.32,52.12
2026-01-06 05:05:00,sensor_02,26.66,51.33
2026-01-06 05:10:00,sensor_02,26.52,50.87
2026-01-06 05:15:00,sensor_01,26.93,54.86
2026-01-06 05:20:00,sensor_02,26.85,53.61
2026-01-06 05:25:00,sensor_03,26.71,54.79
2026-01-06 05:30:00,sensor_03,27.28,55.42
2026-01-06 05:35:00,sensor_01,27.41,54.57
2026-01-06 05:40:00,sensor_01,26.98,55.35
2026-01-06 05:45:00,sensor_02,27.67,53.9
2026-01-06 05:50:00,sensor_01,26.36,51.66
2026-01-06 05:55:00,sensor_03,26.84,56.15
2026-01-06 06:00:00,sensor_03,26.64,52.82
2026-01-06 06:05:00,sensor_01,26.07,52.13
2026-01-06 06:10:00,sensor_01,26.96,53.64
2026-01-06 06:15:00,sensor_01,26.94,52.17
2026-01-06 06:20:00,sensor_02,27.76,53.17
2026-01-06 06:25:00,sensor_02,27.32,54.69
2026-01-06 06:30:00,sensor_03,26.49,54.7
2026-01-06 06:35:00,sensor_02,27.93,52.2
2026-01-06 06:40:00,sensor_02,27.61,53.02
2026-01-06 06:45:00,sensor_02,27.29,56.15
2026-01-06 06:50:00,sensor_02,26.89,54.99
2026-01-06 06:55:00,sensor_03,26.52,58.15
2026-01-06 07:00:00,sensor_01,26.75,56.39
2026-01-06 07:05:00,sensor_03,27.48,56.32
2026-01-06 07:10:00,sensor_02,27.87,51.26
2026-01-06 07:15:00,sensor_01,27.7,55.56
2026-01-06 07:20:00,sensor_01,26.69,53.93
2026-01-06 07:25:00,sensor_01,26.37,52.93
2026-01-06 07:30:00,sensor_03,27.0,54.37
2026-01-06 07:35:00,sensor_01,26.05,55.92
2026-01-06 07:40:00,sensor_03,27.09,55.04
2026-01-06 07:45:00,sensor_03,26.86,52.28
2026-01-06 07:50:00,sensor_02,26.7,55.52
2026-01-06 07:55:00,sensor_02,26.13,52.76
2026-01-06 08:00:00,sensor_01,26.99,54.57
2026-01-06 08:05:00,sensor_01,26.47,53.53
2026-01-06 08:10:00,sensor_02,26.15,53.7
2026-01-06 08:15:00,sensor_03,25.3,55.67
2026-01-06 08:20:00,sensor_03,26.72,52.05
2026-01-06 08:25:00,sensor_02,27.62,58.02
2026-01-06 08:30:00,sensor_03,27.56,50.49
2026-01-06 08:35:00,sensor_02,26.5,52.94
2026-01-06 08:40:00,sensor_02,26.43,54.87
2026-01-06 08:45:00,sensor_01,26.97,55.3
2026-01-06 08:50:00,sensor_01,26.23,53.93
2026-01-06 08:55:00,sensor_02,26.88,54.02
2026-01-06 09:00:00,sensor_01,26.8,55.11
2026-01-06 09:05:00,sensor_02,27.03,53.83
2026-01-06 09:10:00,sensor_03,26.36,57.08
2026-01-06 09:15:00,sensor_03,26.31,55.97
2026-01-06 09:20:00,sensor_03,25.98,56.04
2026-01-06 09:25:00,sensor_03,26.0,52.36
2026-01-06 09:30:00,sensor_02,26.3,54.13
2026-01-06 09:35:00,sensor_03,26.6,53.69
2026-01-06 09:40:00,sensor_03,26.87,52.28
2026-01-06 09:45:00,sensor_03,26.01,55.01
2026-01-06 09:50:00,sensor_03,27.16,53.22
2026-01-06 09:55:00,sensor_02,26.28,55.6
2026-01-06 10:00:00,sensor_03,25.99,52.36
2026-01-06 10:05:00,sensor_01,25.63,57.94
2026-01-06 10:10:00,sensor_01,24.79,52.71
2026-01-06 10:15:00,sensor_01,26.44,54.94
2026-01-06 10:20:00,sensor_01,26.37,56.08
2026-01-06 10:25:00,sensor_01,25.86,53.36
2026-01-06 10:30:00,sensor_01,26.03,56.2
2026-01-06 10:35:00,sensor_02,26.26,52.04
2026-01-06 10:40:00,sensor_01,25.22,57.4
2026-01-06 10:45:00,sensor_03,25.74,54.53
2026-01-06 10:50:00,sensor_01,26.4,53.31
2026-01-06 10:55:00,sensor_02,25.37,53.9
2026-01-06 11:00:00,sensor_01,25.66,56.36
2026-01-06 11:05:00,sensor_03,24.84,53.57
2026-01-06 11:10:00,sensor_03,25.75,53.24
2026-01-06 11:15:00,sensor_02,25.5,54.3
2026-01-06 11:20:00,sensor_02,24.71,52.39
2026-01-06 11:25:00,sensor_02,26.1,58.38
2026-01-06 11:30:00,sensor_02,25.15,53.61
2026-01-06 11:35:00,sensor_01,25.11,56.4
2026-01-06 11:40:00,sensor_01,25.62,55.16
2026-01-06 11:45:00,sensor_03,26.09,52.77
2026-01-06 11:50:00,sensor_02,25.01,54.73
2026-01-06 11:55:00,sensor_02,25.55,56.31
2026-01-06 12:00:00,sensor_01,25.21,54.62
2026-01-06 12:05:00,sensor_02,25.35,57.39
2026-01-06 12:10:00,sensor_03,25.09,57.04
2026-01-06 12:15:00,sensor_03,24.82,56.84
2026-01-06 12:20:00,sensor_02,24.59,54.08
2026-01-06 12:25:00,sensor_03,25.04,52.84
2026-01-06 12:30:00,sensor_03,24.46,53.77
2026-01-06 12:35:00,sensor_01,23.54,55.39
2026-01-06 12:40:00,sensor_03,25.22,56.09
2026-01-06 12:45:00,sensor_02,25.45,50.66
2026-01-06 12:50:00,sensor_02,23.82,54.98
2026-01-06 12:55:00,sensor_03,24.5,55.32
2026-01-06 13:00:00,sensor_02,24.79,54.7
2026-01-06 13:05:00,sensor_01,25.51,57.84
2026-01-06 13:10:00,sensor_03,24.49,56.1
2026-01-06 13:15:00,sensor_03,-15.72,57.88
2026-01-06 13:20:00,sensor_03,24.39,54.83
2026-01-06 13:25:00,sensor_02,25.17,57.13
2026-01-06 13:30:00,sensor_02,24.16,58.53
2026-01-06 13:35:00,sensor_03,24.08,57.88
2026-01-06 13:40:00,sensor_02,24.24,53.07
2026-01-06 13:45:00,sensor_02,24.01,54.75
2026-01-06 13:50:00,sensor_03,24.54,54.57
2026-01-06 13:55:00,sensor_03,25.29,56.24
2026-01-06 14:00:00,sensor_02,24.16,56.87
2026-01-06 14:05:00,sensor_03,23.87,53.82
2026-01-06 14:10:00,sensor_03,23.85,55.64
2026-01-06 14:15:00,sensor_03,23.22,51.46
2026-01-06 14:20:00,sensor_03,24.44,58.38
2026-01-06 14:25:00,sensor_02,23.96,54.48
2026-01-06 14:30:00,sensor_03,23.91,55.61
2026-01-06 14:35:00,sensor_01,25.6,54.88
2026-01-06 14:40:00,sensor_03,24.15,57.79
2026-01-06 14:45:00,sensor_01,23.62,49.82
2026-01-06 14:50:00,sensor_03,23.79,55.47
2026-01-06 14:55:00,sensor_01,24.57,55.29
2026-01-06 15:00:00,sensor_01,23.64,54.8
2026-01-06 15:05:00,sensor_03,22.87,59.16
2026-01-06 15:10:00,sensor_03,24.05,53.93
2026-01-06 15:15:00,sensor_03,23.25,57.25
2026-01-06 15:20:00,sensor_01,24.52,56.42
2026-01-06 15:25:00,sensor_02,24.13,58.23
2026-01-06 15:30:00,sensor_02,23.36,54.37
2026-01-06 15:35:00,sensor_03,24.23,54.24
2026-01-06 15:40:00,sensor_02,23.62,57.9
2026-01-06 15:45:00,sensor_02,24.01,-12.88
2026-01-06 15:50:00,sensor_03,23.83,52.62
2026-01-06 15:55:00,sensor_01,23.16,54.63
2026-01-06 16:00:00,sensor_03,22.95,56.64
2026-01-06 16:05:00,sensor_02,23.78,57.54
2026-01-06 16:10:00,sensor_01,23.1,54.51
2026-01-06 16:15:00,sensor_02,23.07,50.04
2026-01-06 16:20:00,sensor_01,22.79,56.91
2026-01-06 16:25:00,sensor_02,23.48,53.43
2026-01-06 16:30:00,sensor_03,24.3,51.83
2026-01-06 16:35:00,sensor_02,22.73,50.2
2026-01-06 16:40:00,sensor_02,23.28,57.49
2026-01-06 16:45:00,sensor_01,23.97,56.12
2026-01-06 16:50:00,sensor_02,23.23,55.41
2026-01-06 16:55:00,sensor_03,23.49,58.64
2026-01-06 17:00:00,sensor_03,22.54,57.24
2026-01-06 17:05:00,sensor_03,23.28,59.2
2026-01-06 17:10:00,sensor_01,22.97,53.18
2026-01-06 17:15:00,sensor_01,23.56,55.9
2026-01-06 17:20:00,sensor_02,23.66,52.73
2026-01-06 17:25:00,sensor_02,24.36,55.51
2026-01-06 17:30:00,sensor_02,23.36,55.47
2026-01-06 17:35:00,sensor_01,23.23,57.22
2026-01-06 17:40:00,sensor_01,23.17,56.06
2026-01-06 17:45:00,sensor_02,22.89,57.21
2026-01-06 17:50:00,sensor_01,23.24,57.37
2026-01-06 17:55:00,sensor_01,22.92,60.28
2026-01-06 18:00:00,sensor_03,23.08,55.37
2026-01-06 18:05:00,sensor_03,23.66,54.12
2026-01-06 18:10:00,sensor_02,22.5,56.49
2026-01-06 18:15:00,sensor_02,23.57,54.4
2026-01-06 18:20:00,sensor_03,23.66,58.96
2026-01-06 18:25:00,sensor_01,22.94,55.43
2026-01-06 18:30:00,sensor_02,21.94,54.87
2026-01-06 18:35:00,sensor_02,22.7,55.06
2026-01-06 18:40:00,sensor_02,23.65,57.44
2026-01-06 18:45:00,sensor_01,22.99,55.68
2026-01-06 18:50:00,sensor_03,22.5,54.72
2026-01-06 18:55:00,sensor_02,22.75,59.33
2026-01-06 19:00:00,sensor_03,23.49,54.25
2026-01-06 19:05:00,sensor_03,23.34,56.04
2026-01-06 19:10:00,sensor_01,22.95,57.27
2026-01-06 19:15:00,sensor_01,22.88,52.7
2026-01-06 19:20:00,sensor_01,22.87,56.93
2026-01-06 19:25:00,sensor_01,22.61,53.86
2026-01-06 19:30:00,sensor_01,23.88,57.61
2026-01-06 19:35:00,sensor_01,22.91,54.04
2026-01-06 19:40:00,sensor_02,23.68,57.35
2026-01-06 19:45:00,sensor_03,23.83,58.18
2026-01-06 19:50:00,sensor_01,23.57,57.69
2026-01-06 19:55:00,sensor_02,22.85,56.47
2026-01-06 20:00:00,sensor_03,23.47,55.4
2026-01-06 20:05:00,sensor_01,23.26,54.71
2026-01-06 20:10:00,sensor_01,22.82,58.81
2026-01-06 20:15:00,sensor_02,23.43,54.47
2026-01-06 20:20:00,sensor_03,22.68,53.79
2026-01-06 20:25:00,sensor_01,23.86,57.2
2026-01-06 20:30:00,sensor_03,23.04,54.27
2026-01-06 20:35:00,sensor_02,23.37,53.97
2026-01-06 20:40:00,sensor_01,23.41,52.98
2026-01-06 20:45:00,sensor_03,23.14,54.9
2026-01-06 20:50:00,sensor_02,-17.42,55.7
2026-01-06 20:55:00,sensor_02,23.03,56.35
2026-01-06 21:00:00,sensor_01,24.02,57.61
2026-01-06 21:05:00,sensor_03,22.91,56.76
2026-01-06 21:10:00,sensor_01,23.65,55.33
2026-01-06 21:15:00,sensor_01,24.56,55.31
2026-01-06 21:20:00,sensor_03,23.09,56.73
2026-01-06 21:25:00,sensor_03,23.25,58.25
2026-01-06 21:30:00,sensor_03,23.84,55.96
2026-01-06 21:35:00,sensor_02,23.68,54.77
2026-01-06 21:40:00,sensor_02,23.76,53.72
2026-01-06 21:45:00,sensor_03,23.83,52.82
2026-01-06 21:50:00,sensor_02,23.9,110.01
2026-01-06 21:55:00,sensor_01,24.14,56.86
2026-01-06 22:00:00,sensor_03,24.2,56.65
2026-01-06 22:05:00,sensor_01,23.88,55.24
2026-01-06 22:10:00,sensor_03,24.34,58.31
2026-01-06 22:15:00,sensor_01,24.95,54.53
2026-01-06 22:20:00,sensor_03,23.93,57.41
2026-01-06 22:25:00,sensor_01,23.51,55.42
2026-01-06 22:30:00,sensor_03,24.55,54.28
2026-01-06 22:35:00,sensor_03,23.94,56.69
2026-01-06 22:40:00,sensor_02,22.91,56.32
2026-01-06 22:45:00,sensor_01,24.42,56.21
2026-01-06 22:50:00,sensor_02,23.73,55.66
2026-01-06 22:55:00,sensor_01,23.95,55.42
2026-01-06 23:00:00,sensor_02,24.65,60.04
2026-01-06 23:05:00,sensor_03,24.58,57.63
2026-01-06 23:10:00,sensor_02,24.84,56.7
2026-01-06 23:15:00,sensor_02,24.26,55.48
2026-01-06 23:20:00,sensor_03,24.74,57.27
2026-01-06 23:25:00,sensor_02,24.35,56.29
2026-01-06 23:30:00,sensor_03,24.85,55.31
2026-01-06 23:35:00,sensor_01,24.79,54.65
2026-01-06 23:40:00,sensor_02,24.01,55.1
2026-01-06 23:45:00,sensor_03,25.03,48.92
2026-01-06 23:50:00,sensor_03,24.21,55.68
2026-01-06 23:55:00,sensor_02,24.89,54.28
2026-01-07 00:00:00,sensor_01,25.18,58.19
2026-01-07 00:05:00,sensor_02,25.92,55.04
2026-01-07 00:10:00,sensor_03,24.89,52.62
2026-01-07 00:15:00,sensor_01,24.83,54.9
2026-01-07 00:20:00,sensor_02,24.99,52.91
2026-01-07 00:25:00,sensor_03,24.85,55.95
2026-01-07 00:30:00,sensor_02,25.4,55.58
2026-01-07 00:35:00,sensor_01,24.19,56.92
2026-01-07 00:40:00,sensor_01,24.47,53.42
2026-01-07 00:45:00,sensor_01,24.47,55.07
2026-01-07 00:50:00,sensor_01,25.48,52.27
2026-01-07 00:55:00,sensor_01,25.86,56.4
2026-01-07 01:00:00,sensor_02,25.47,55.78
2026-01-07 01:05:00,sensor_01,25.43,55.73
2026-01-07 01:10:00,sensor_01,25.55,54.74
2026-01-07 01:15:00,sensor_03,26.1,55.57
2026-01-07 01:20:00,sensor_01,25.05,57.95
2026-01-07 01:25:00,sensor_03,25.64,54.17
2026-01-07 01:30:00,sensor_03,26.01,55.02
2026-01-07 01:35:00,sensor_03,25.77,52.57
2026-01-07 01:40:00,sensor_02,25.61,53.0
2026-01-07 01:45:00,sensor_02,26.02,54.94
2026-01-07 01:50:00,sensor_03,24.17,56.95
2026-01-07 01:55:00,sensor_02,25.86,54.23
2026-01-07 02:00:00,sensor_01,25.67,54.03
2026-01-07 02:05:00,sensor_02,25.08,53.69
2026-01-07 02:10:00,sensor_01,26.26,53.43
2026-01-07 02:15:00,sensor_01,26.69,55.09
2026-01-07 02:20:00,sensor_02,25.93,51.51
2026-01-07 02:25:00,sensor_02,26.48,57.06
2026-01-07 02:30:00,sensor_03,26.81,53.17
2026-01-07 02:35:00,sensor_02,26.66,55.94
2026-01-07 02:40:00,sensor_02,26.82,51.96
2026-01-07 02:45:00,sensor_02,26.37,55.84
2026-01-07 02:50:00,sensor_01,26.04,55.84
2026-01-07 02:55:00,sensor_01,25.2,55.27
2026-01-07 03:00:00,sensor_01,26.29,52.3
2026-01-07 03:05:00,sensor_03,25.99,54.79
2026-01-07 03:10:00,sensor_03,27.5,51.93
2026-01-07 03:15:00,sensor_03,26.33,53.79
2026-01-07 03:20:00,sensor_01,26.48,56.35
2026-01-07 03:25:00,sensor_02,26.69,55.89
2026-01-07 03:30:00,sensor_03,26.44,54.32
2026-01-07 03:35:00,sensor_03,27.26,52.34
2026-01-07 03:40:00,sensor_01,26.1,55.58
2026-01-07 03:45:00,sensor_03,26.51,54.33
2026-01-07 03:50:00,sensor_02,26.04,49.65
2026-01-07 03:55:00,sensor_01,25.75,55.86
2026-01-07 04:00:00,sensor_01,26.43,54.09
2026-01-07 04:05:00,sensor_02,26.71,56.54
2026-01-07 04:10:00,sensor_02,26.52,51.94
2026-01-07 04:15:00,sensor_02,26.39,47.78
2026-01-07 04:20:00,sensor_03,26.03,54.69
2026-01-07 04:25:00,sensor_02,26.69,54.72
2026-01-07 04:30:00,sensor_01,25.98,50.75
2026-01-07 04:35:00,sensor_02,27.11,52.18
2026-01-07 04:40:00,sensor_01,26.77,59.64
2026-01-07 04:45:00,sensor_01,26.0,53.52
2026-01-07 04:50:00,sensor_03,26.58,55.6
2026-01-07 04:55:00,sensor_02,26.36,52.83
2026-01-07 05:00:00,sensor_03,27.09,49.85
2026-01-07 05:05:00,sensor_02,27.6,53.69
2026-01-07 05:10:00,sensor_02,25.99,53.5
2026-01-07 05:15:00,sensor_02,26.99,53.23
2026-01-07 05:20:00,sensor_02,26.85,53.8
2026-01-07 05:25:00,sensor_02,27.27,54.56
2026-01-07 05:30:00,sensor_01,27.04,53.73
2026-01-07 05:35:00,sensor_01,26.56,51.51
2026-01-07 05:40:00,sensor_02,26.77,55.01
2026-01-07 05:45:00,sensor_01,26.53,50.14
2026-01-07 05:50:00,sensor_03,92.77,49.93
2026-01-07 05:55:00,sensor_03,26.94,55.51
2026-01-07 06:00:00,sensor_03,27.95,55.01
2026-01-07 06:05:00,sensor_02,27.39,53.89
2026-01-07 06:10:00,sensor_02,27.5,51.21
2026-01-07 06:15:00,sensor_01,27.51,52.58
2026-01-07 06:20:00,sensor_01,27.79,53.47
2026-01-07 06:25:00,sensor_01,28.33,50.81
2026-01-07 06:30:00,sensor_03,29.67,52.52
2026-01-07 06:35:00,sensor_03,30.22,55.3
2026-01-07 06:40:00,sensor_03,29.6,56.85
2026-01-07 06:45:00,sensor_03,31.26,53.16
2026-01-07 06:50:00,sensor_01,31.0,55.51
2026-01-07 06:55:00,sensor_02,31.73,50.17
2026-01-07 07:00:00,sensor_02,32.82,55.35
2026-01-07 07:05:00,sensor_03,32.89,52.43
2026-01-07 07:10:00,sensor_02,32.73,54.65
2026-01-07 07:15:00,sensor_02,32.85,53.54
2026-01-07 07:20:00,sensor_02,32.64,56.67
2026-01-07 07:25:00,sensor_03,33.77,52.29
2026-01-07 07:30:00,sensor_01,34.46,55.29
2026-01-07 07:35:00,sensor_01,34.49,53.48
2026-01-07 07:40:00,sensor_02,35.34,53.72
2026-01-07 07:45:00,sensor_01,35.87,53.67
2026-01-07 07:50:00,sensor_01,36.14,52.34
2026-01-07 07:55:00,sensor_03,36.36,54.01
2026-01-07 08:00:00,sensor_03,36.99,54.01
2026-01-07 08:05:00,sensor_02,37.54,54.62
2026-01-07 08:10:00,sensor_02,37.21,54.3
2026-01-07 08:15:00,sensor_02,38.88,55.73
2026-01-07 08:20:00,sensor_03,38.54,55.98
2026-01-07 08:25:00,sensor_01,39.03,52.03
2026-01-07 08:30:00,sensor_03,39.8,55.87
2026-01-07 08:35:00,sensor_03,39.99,51.76
2026-01-07 08:40:00,sensor_01,40.77,55.31
2026-01-07 08:45:00,sensor_01,40.86,55.37
2026-01-07 08:50:00,sensor_02,40.84,50.31
2026-01-07 08:55:00,sensor_01,41.74,54.32
2026-01-07 09:00:00,sensor_01,41.09,53.36
2026-01-07 09:05:00,sensor_01,42.15,52.78
2026-01-07 09:10:00,sensor_01,42.5,56.99
2026-01-07 09:15:00,sensor_02,42.84,52.99
2026-01-07 09:20:00,sensor_02,43.3,52.68
2026-01-07 09:25:00,sensor_01,42.84,54.44
2026-01-07 09:30:00,sensor_01,43.94,55.66
2026-01-07 09:35:00,sensor_02,44.68,54.01
2026-01-07 09:40:00,sensor_02,45.13,56.63
2026-01-07 09:45:00,sensor_01,44.97,55.35
2026-01-07 09:50:00,sensor_03,46.54,49.94
2026-01-07 09:55:00,sensor_02,45.9,53.23
2026-01-07 10:00:00,sensor_02,46.82,53.38
2026-01-07 10:05:00,sensor_02,46.97,55.46
2026-01-07 10:10:00,sensor_01,46.87,49.25
2026-01-07 10:15:00,sensor_01,48.5,59.6
2026-01-07 10:20:00,sensor_02,47.43,55.56
2026-01-07 10:25:00,sensor_01,48.92,54.8
2026-01-07 10:30:00,sensor_01,49.38,56.86
2026-01-07 10:35:00,sensor_02,48.97,59.19
2026-01-07 10:40:00,sensor_01,50.43,56.24
2026-01-07 10:45:00,sensor_03,50.02,56.4
2026-01-07 10:50:00,sensor_01,50.72,54.76
2026-01-07 10:55:00,sensor_01,51.13,54.22
2026-01-07 11:00:00,sensor_02,25.45,53.79
2026-01-07 11:05:00,sensor_02,25.92,53.09
2026-01-07 11:10:00,sensor_03,25.91,53.37
2026-01-07 11:15:00,sensor_01,24.64,52.04
2026-01-07 11:20:00,sensor_03,26.17,54.59
2026-01-07 11:25:00,sensor_03,24.69,51.37
2026-01-07 11:30:00,sensor_02,26.03,55.12
2026-01-07 11:35:00,sensor_01,26.08,54.67
2026-01-07 11:40:00,sensor_02,24.97,55.04
2026-01-07 11:45:00,sensor_03,25.31,53.7
2026-01-07 11:50:00,sensor_03,24.96,60.89
2026-01-07 11:55:00,sensor_02,25.41,57.46
2026-01-07 12:00:00,sensor_02,24.85,52.51
2026-01-07 12:05:00,sensor_02,25.39,55.47
2026-01-07 12:10:00,sensor_02,25.66,53.78
2026-01-07 12:15:00,sensor_02,25.7,52.97
2026-01-07 12:20:00,sensor_03,24.72,52.32
2026-01-07 12:25:00,sensor_02,24.9,55.86
2026-01-07 12:30:00,sensor_01,24.16,53.64
2026-01-07 12:35:00,sensor_03,24.6,56.94
2026-01-07 12:40:00,sensor_03,25.48,56.99
2026-01-07 12:45:00,sensor_01,25.81,57.75
2026-01-07 12:50:00,sensor_01,24.38,53.3
2026-01-07 12:55:00,sensor_03,24.7,55.95
2026-01-07 13:00:00,sensor_02,24.47,56.52
2026-01-07 13:05:00,sensor_03,24.62,54.31
2026-01-07 13:10:00,sensor_03,24.08,53.72
2026-01-07 13:15:00,sensor_01,24.69,58.48
2026-01-07 13:20:00,sensor_03,24.25,55.71
2026-01-07 13:25:00,sensor_02,24.48,56.53
2026-01-07 13:30:00,sensor_01,24.76,53.61
2026-01-07 13:35:00,sensor_03,24.49,52.82
2026-01-07 13:40:00,sensor_03,24.26,54.12
2026-01-07 13:45:00,sensor_02,24.43,55.01
2026-01-07 13:50:00,sensor_03,24.44,53.13
2026-01-07 13:55:00,sensor_03,24.3,55.24
2026-01-07 14:00:00,sensor_03,23.87,52.12
2026-01-07 14:05:00,sensor_03,24.8,53.26
2026-01-07 14:10:00,sensor_02,24.28,56.84
2026-01-07 14:15:00,sensor_03,23.85,56.71
2026-01-07 14:20:00,sensor_03,24.35,54.72
2026-01-07 14:25:00,sensor_03,23.83,53.46
2026-01-07 14:30:00,sensor_01,24.59,53.45
2026-01-07 14:35:00,sensor_02,24.18,54.75
2026-01-07 14:40:00,sensor_01,23.95,56.79
2026-01-07 14:45:00,sensor_01,24.22,57.36
2026-01-07 14:50:00,sensor_02,23.21,54.51
2026-01-07 14:55:00,sensor_01,23.44,53.19
2026-01-07 15:00:00,sensor_01,22.99,56.24
2026-01-07 15:05:00,sensor_01,23.66,54.06
2026-01-07 15:10:00,sensor_02,24.45,54.67
2026-01-07 15:15:00,sensor_03,24.7,58.36
2026-01-07 15:20:00,sensor_02,23.9,57.36
2026-01-07 15:25:00,sensor_02,23.84,56.02
2026-01-07 15:30:00,sensor_02,22.69,53.16
2026-01-07 15:35:00,sensor_01,23.31,56.13
2026-01-07 15:40:00,sensor_03,23.19,57.83
2026-01-07 15:45:00,sensor_02,23.28,54.96
2026-01-07 15:50:00,sensor_02,23.5,58.41
2026-01-07 15:55:00,sensor_03,23.35,58.29
2026-01-07 16:00:00,sensor_03,22.28,59.19
2026-01-07 16:05:00,sensor_03,23.64,56.48
2026-01-07 16:10:00,sensor_01,22.73,57.04
2026-01-07 16:15:00,sensor_03,23.39,58.69
2026-01-07 16:20:00,sensor_01,24.3,56.76
2026-01-07 16:25:00,sensor_02,22.81,54.86
2026-01-07 16:30:00,sensor_01,22.0,54.97
2026-01-07 16:35:00,sensor_03,23.12,56.34
2026-01-07 16:40:00,sensor_01,23.82,53.28
2026-01-07 16:45:00,sensor_03,24.25,55.58
2026-01-07 16:50:00,sensor_01,22.65,58.06
2026-01-07 16:55:00,sensor_02,23.52,51.48
2026-01-07 17:00:00,sensor_01,22.84,59.03
2026-01-07 17:05:00,sensor_02,23.02,58.21
2026-01-07 17:10:00,sensor_03,24.39,55.05
2026-01-07 17:15:00,sensor_02,22.32,57.05
2026-01-07 17:20:00,sensor_03,23.2,55.97
2026-01-07 17:25:00,sensor_03,23.3,58.43
2026-01-07 17:30:00,sensor_02,23.61,57.93
2026-01-07 17:35:00,sensor_02,23.12,53.17
2026-01-07 17:40:00,sensor_01,23.22,57.14
2026-01-07 17:45:00,sensor_01,22.87,55.55
2026-01-07 17:50:00,sensor_02,23.2,56.13
2026-01-07 17:55:00,sensor_02,22.9,54.51
2026-01-07 18:00:00,sensor_02,23.31,59.5
2026-01-07 18:05:00,sensor_02,85.4,58.08
2026-01-07 18:10:00,sensor_03,23.19,54.52
2026-01-07 18:15:00,sensor_02,22.99,53.33
2026-01-07 18:20:00,sensor_02,23.56,55.23
2026-01-07 18:25:00,sensor_02,22.97,56.87
2026-01-07 18:30:00,sensor_02,22.11,56.48
2026-01-07 18:35:00,sensor_03,23.63,58.51
2026-01-07 18:40:00,sensor_01,22.55,57.58
2026-01-07 18:45:00,sensor_01,22.67,57.94
2026-01-07 18:50:00,sensor_01,22.7,56.65
2026-01-07 18:55:00,sensor_01,23.69,53.22
2026-01-07 19:00:00,sensor_01,22.0,55.57
2026-01-07 19:05:00,sensor_03,24.64,58.09
2026-01-07 19:10:00,sensor_01,23.6,55.86
2026-01-07 19:15:00,sensor_03,23.18,56.97
2026-01-07 19:20:00,sensor_03,23.04,55.33
2026-01-07 19:25:00,sensor_01,23.21,53.91
2026-01-07 19:30:00,sensor_01,23.33,55.72
2026-01-07 19:35:00,sensor_01,23.39,56.58
2026-01-07 19:40:00,sensor_02,23.35,54.65
2026-01-07 19:45:00,sensor_03,23.11,55.49
2026-01-07 19:50:00,sensor_01,22.97,54.09
2026-01-07 19:55:00,sensor_02,22.99,58.2
2026-01-07 20:00:00,sensor_03,23.17,55.28
2026-01-07 20:05:00,sensor_02,23.83,58.77
2026-01-07 20:10:00,sensor_02,23.56,58.92
2026-01-07 20:15:00,sensor_01,21.8,55.7
2026-01-07 20:20:00,sensor_03,23.6,53.85
2026-01-07 20:25:00,sensor_02,23.37,51.69
2026-01-07 20:30:00,sensor_03,23.26,52.92
2026-01-07 20:35:00,sensor_01,23.07,53.12
2026-01-07 20:40:00,sensor_03,23.83,58.62
2026-01-07 20:45:00,sensor_02,23.74,56.1
2026-01-07 20:50:00,sensor_02,22.88,56.65
2026-01-07 20:55:00,sensor_03,23.47,51.43
2026-01-07 21:00:00,sensor_02,23.1,53.31
2026-01-07 21:05:00,sensor_02,22.9,57.48
2026-01-07 21:10:00,sensor_02,23.27,56.28
2026-01-07 21:15:00,sensor_01,24.02,55.41
2026-01-07 21:20:00,sensor_01,24.06,56.84
2026-01-07 21:25:00,sensor_02,23.84,58.98
2026-01-07 21:30:00,sensor_03,23.95,55.27
2026-01-07 21:35:00,sensor_01,23.84,55.85
2026-01-07 21:40:00,sensor_03,23.27,56.09
2026-01-07 21:45:00,sensor_02,23.8,60.49
2026-01-07 21:50:00,sensor_02,23.99,51.51
2026-01-07 21:55:00,sensor_03,23.96,57.07
2026-01-07 22:00:00,sensor_01,24.59,55.27
2026-01-07 22:05:00,sensor_03,24.35,56.63
2026-01-07 22:10:00,sensor_03,24.18,54.19
2026-01-07 22:15:00,sensor_02,24.54,55.4
2026-01-07 22:20:00,sensor_01,23.99,56.92
2026-01-07 22:25:00,sensor_03,23.56,61.73
2026-01-07 22:30:00,sensor_01,23.92,57.12
2026-01-07 22:35:00,sensor_02,23.63,53.8
2026-01-07 22:40:00,sensor_01,23.66,54.65
2026-01-07 22:45:00,sensor_02,23.93,54.59
2026-01-07 22:50:00,sensor_01,23.6,51.91
2026-01-07 22:55:00,sensor_03,23.85,54.84
2026-01-07 23:00:00,sensor_02,23.54,56.72
2026-01-07 23:05:00,sensor_03,24.59,52.71
2026-01-07 23:10:00,sensor_02,24.48,57.36
2026-01-07 23:15:00,sensor_01,24.07,128.96
2026-01-07 23:20:00,sensor_01,24.81,53.79
2026-01-07 23:25:00,sensor_02,24.95,54.98
2026-01-07 23:30:00,sensor_02,23.68,58.46
2026-01-07 23:35:00,sensor_02,24.1,56.73
2026-01-07 23:40:00,sensor_01,24.1,55.28
2026-01-07 23:45:00,sensor_02,24.01,54.78
2026-01-07 23:50:00,sensor_02,24.9,55.41
2026-01-07 23:55:00,sensor_03,24.39,54.24
2026-01-08 00:00:00,sensor_02,24.87,50.79
2026-01-08 00:05:00,sensor_03,24.0,59.08
2026-01-08 00:10:00,sensor_03,25.32,55.31
2026-01-08 00:15:00,sensor_03,24.38,55.8
2026-01-08 00:20:00,sensor_01,25.03,54.88
2026-01-08 00:25:00,sensor_03,25.14,53.53
2026-01-08 00:30:00,sensor_02,25.68,54.63
2026-01-08 00:35:00,sensor_01,24.35,51.8
2026-01-08 00:40:00,sensor_01,23.49,59.55
2026-01-08 00:45:00,sensor_01,25.09,52.53
2026-01-08 00:50:00,sensor_01,25.9,52.94
2026-01-08 00:55:00,sensor_01,25.62,54.12
2026-01-08 01:00:00,sensor_01,25.62,57.32
2026-01-08 01:05:00,sensor_01,25.27,54.77
2026-01-08 01:10:00,sensor_03,25.92,52.27
2026-01-08 01:15:00,sensor_02,25.03,57.25
2026-01-08 01:20:00,sensor_02,25.76,56.2
2026-01-08 01:25:00,sensor_03,25.77,55.82
2026-01-08 01:30:00,sensor_03,26.05,56.17
2026-01-08 01:35:00,sensor_01,26.9,59.53
2026-01-08 01:40:00,sensor_01,25.71,59.11
2026-01-08 01:45:00,sensor_03,25.26,53.37
2026-01-08 01:50:00,sensor_01,25.5,57.99
2026-01-08 01:55:00,sensor_02,24.63,55.51
2026-01-08 02:00:00,sensor_02,25.65,55.5
2026-01-08 02:05:00,sensor_01,25.8,51.12
2026-01-08 02:10:00,sensor_01,25.74,54.16
2026-01-08 02:15:00,sensor_01,26.08,52.87
2026-01-08 02:20:00,sensor_02,25.59,56.16
2026-01-08 02:25:00,sensor_01,26.56,56.64
2026-01-08 02:30:00,sensor_03,26.0,50.35
2026-01-08 02:35:00,sensor_01,26.0,54.46
2026-01-08 02:40:00,sensor_03,25.84,56.74
2026-01-08 02:45:00,sensor_01,26.08,54.13
2026-01-08 02:50:00,sensor_01,26.41,55.96
2026-01-08 02:55:00,sensor_02,25.57,55.2
2026-01-08 03:00:00,sensor_03,26.09,54.98
2026-01-08 03:05:00,sensor_03,26.26,53.75
2026-01-08 03:10:00,sensor_03,25.74,51.86
2026-01-08 03:15:00,sensor_02,26.0,52.05
2026-01-08 03:20:00,sensor_03,26.18,55.71
2026-01-08 03:25:00,sensor_02,26.85,54.33
2026-01-08 03:30:00,sensor_01,26.55,54.02
2026-01-08 03:35:00,sensor_01,26.51,53.45
2026-01-08 03:40:00,sensor_03,26.84,53.68
2026-01-08 03:45:00,sensor_01,26.35,56.39
2026-01-08 03:50:00,sensor_01,26.61,53.62
2026-01-08 03:55:00,sensor_03,26.36,51.61
2026-01-08 04:00:00,sensor_01,26.86,55.62
2026-01-08 04:05:00,sensor_03,26.44,53.72
2026-01-08 04:10:00,sensor_03,25.51,54.2
2026-01-08 04:15:00,sensor_01,26.66,57.35
2026-01-08 04:20:00,sensor_01,27.44,54.09
2026-01-08 04:25:00,sensor_01,27.2,54.71
2026-01-08 04:30:00,sensor_01,27.21,51.78
2026-01-08 04:35:00,sensor_01,27.35,53.69
2026-01-08 04:40:00,sensor_02,26.78,55.35
2026-01-08 04:45:00,sensor_01,26.83,51.02
2026-01-08 04:50:00,sensor_02,26.42,54.54
2026-01-08 04:55:00,sensor_03,26.57,54.34
2026-01-08 05:00:00,sensor_01,27.24,54.12
2026-01-08 05:05:00,sensor_01,27.53,56.11
2026-01-08 05:10:00,sensor_01,26.86,54.7
2026-01-08 05:15:00,sensor_03,26.71,56.99
2026-01-08 05:20:00,sensor_02,26.93,52.05
2026-01-08 05:25:00,sensor_02,27.23,54.31
2026-01-08 05:30:00,sensor_01,26.21,54.2
2026-01-08 05:35:00,sensor_01,25.78,51.9
2026-01-08 05:40:00,sensor_01,26.66,55.95
2026-01-08 05:45:00,sensor_01,26.32,58.68
2026-01-08 05:50:00,sensor_03,26.68,54.0
2026-01-08 05:55:00,sensor_01,26.86,55.04
2026-01-08 06:00:00,sensor_03,26.77,54.17
2026-01-08 06:05:00,sensor_01,27.73,52.57
2026-01-08 06:10:00,sensor_02,27.16,50.36
2026-01-08 06:15:00,sensor_02,27.15,52.59
2026-01-08 06:20:00,sensor_01,27.31,51.22
2026-01-08 06:25:00,sensor_01,26.43,57.41
2026-01-08 06:30:00,sensor_03,27.52,53.77
2026-01-08 06:35:00,sensor_01,26.96,53.31
2026-01-08 06:40:00,sensor_01,27.34,55.78
2026-01-08 06:45:00,sensor_01,26.46,51.76
2026-01-08 06:50:00,sensor_02,26.22,52.47
2026-01-08 06:55:00,sensor_03,27.41,54.14
2026-01-08 07:00:00,sensor_02,27.12,56.09
2026-01-08 07:05:00,sensor_03,26.48,55.04
2026-01-08 07:10:00,sensor_02,26.5,54.53
2026-01-08 07:15:00,sensor_01,27.49,54.19
2026-01-08 07:20:00,sensor_02,26.34,54.83
2026-01-08 07:25:00,sensor_02,27.75,54.44
2026-01-08 07:30:00,sensor_03,26.48,51.97
2026-01-08 07:35:00,sensor_03,27.25,54.13
2026-01-08 07:40:00,sensor_02,26.77,51.89
2026-01-08 07:45:00,sensor_03,27.23,54.2
2026-01-08 07:50:00,sensor_03,26.66,53.07
2026-01-08 07:55:00,sensor_03,26.85,59.11
2026-01-08 08:00:00,sensor_03,26.75,54.05
2026-01-08 08:05:00,sensor_03,26.23,51.33
2026-01-08 08:10:00,sensor_02,27.1,53.87
2026-01-08 08:15:00,sensor_03,26.48,55.17
2026-01-08 08:20:00,sensor_01,26.62,57.48
2026-01-08 08:25:00,sensor_02,26.23,52.96
2026-01-08 08:30:00,sensor_02,25.45,50.97
2026-01-08 08:35:00,sensor_02,26.64,55.77
2026-01-08 08:40:00,sensor_03,27.94,51.37
2026-01-08 08:45:00,sensor_01,27.12,53.26
2026-01-08 08:50:00,sensor_03,26.72,53.62
2026-01-08 08:55:00,sensor_02,26.6,53.99
2026-01-08 09:00:00,sensor_02,26.43,55.67
2026-01-08 09:05:00,sensor_02,26.69,52.93
2026-01-08 09:10:00,sensor_02,25.82,53.75
2026-01-08 09:15:00,sensor_03,26.97,54.26
2026-01-08 09:20:00,sensor_01,26.77,54.59
2026-01-08 09:25:00,sensor_01,26.77,54.49
2026-01-08 09:30:00,sensor_02,26.63,55.16
2026-01-08 09:35:00,sensor_01,26.42,107.4
2026-01-08 09:40:00,sensor_02,26.75,55.08
2026-01-08 09:45:00,sensor_02,26.71,55.2
2026-01-08 09:50:00,sensor_01,26.24,51.13
2026-01-08 09:55:00,sensor_02,26.13,54.39
2026-01-08 10:00:00,sensor_01,26.05,55.46
2026-01-08 10:05:00,sensor_02,26.77,55.96
2026-01-08 10:10:00,sensor_01,25.38,53.12
2026-01-08 10:15:00,sensor_02,25.27,53.18
2026-01-08 10:20:00,sensor_01,26.08,53.35
2026-01-08 10:25:00,sensor_02,26.03,55.57
2026-01-08 10:30:00,sensor_02,26.09,56.57
2026-01-08 10:35:00,sensor_02,26.12,53.69
2026-01-08 10:40:00,sensor_01,25.89,56.32
2026-01-08 10:45:00,sensor_03,26.74,54.75
2026-01-08 10:50:00,sensor_02,25.2,54.25
2026-01-08 10:55:00,sensor_02,25.59,54.08
2026-01-08 11:00:00,sensor_01,25.47,56.23
2026-01-08 11:05:00,sensor_02,24.7,55.39
2026-01-08 11:10:00,sensor_02,25.43,59.29
2026-01-08 11:15:00,sensor_02,26.35,53.04
2026-01-08 11:20:00,sensor_02,25.53,55.78
2026-01-08 11:25:00,sensor_03,25.63,53.68
2026-01-08 11:30:00,sensor_03,24.89,53.0
2026-01-08 11:35:00,sensor_02,25.21,54.72
2026-01-08 11:40:00,sensor_02,25.33,55.02
2026-01-08 11:45:00,sensor_02,-5.82,60.58
2026-01-08 11:50:00,sensor_03,26.16,54.37
2026-01-08 11:55:00,sensor_03,25.8,52.48
2026-01-08 12:00:00,sensor_01,24.44,55.55
2026-01-08 12:05:00,sensor_01,25.12,50.85
2026-01-08 12:10:00,sensor_02,25.25,54.82
2026-01-08 12:15:00,sensor_02,25.57,55.03
2026-01-08 12:20:00,sensor_03,25.79,56.59
2026-01-08 12:25:00,sensor_02,24.49,56.95
2026-01-08 12:30:00,sensor_02,24.59,53.99
2026-01-08 12:35:00,sensor_03,24.37,54.7
2026-01-08 12:40:00,sensor_03,24.88,53.47
2026-01-08 12:45:00,sensor_03,25.23,52.74
2026-01-08 12:50:00,sensor_03,25.49,55.62
2026-01-08 12:55:00,sensor_01,24.96,52.45
2026-01-08 13:00:00,sensor_03,24.32,54.43
2026-01-08 13:05:00,sensor_03,24.56,53.27
2026-01-08 13:10:00,sensor_02,24.06,56.36
2026-01-08 13:15:00,sensor_02,25.53,58.86
2026-01-08 13:20:00,sensor_02,23.68,52.66
2026-01-08 13:25:00,sensor_01,24.57,51.55
2026-01-08 13:30:00,sensor_03,25.49,55.01
2026-01-08 13:35:00,sensor_03,24.49,55.29
2026-01-08 13:40:00,sensor_01,24.39,55.7
2026-01-08 13:45:00,sensor_03,24.3,54.37
2026-01-08 13:50:00,sensor_02,24.39,54.86
2026-01-08 13:55:00,sensor_01,25.17,55.99
2026-01-08 14:00:00,sensor_03,22.89,57.58
2026-01-08 14:05:00,sensor_01,24.77,51.59
2026-01-08 14:10:00,sensor_01,23.29,54.76
2026-01-08 14:15:00,sensor_03,23.87,55.93
2026-01-08 14:20:00,sensor_02,23.79,53.66
2026-01-08 14:25:00,sensor_03,24.29,58.96
2026-01-08 14:30:00,sensor_03,23.2,54.23
2026-01-08 14:35:00,sensor_02,24.23,55.42
2026-01-08 14:40:00,sensor_03,25.01,56.61
2026-01-08 14:45:00,sensor_03,23.32,54.32
2026-01-08 14:50:00,sensor_03,24.09,51.81
2026-01-08 14:55:00,sensor_01,23.67,54.64
2026-01-08 15:00:00,sensor_01,23.8,57.77
2026-01-08 15:05:00,sensor_01,23.6,55.03
2026-01-08 15:10:00,sensor_03,23.27,54.01
2026-01-08 15:15:00,sensor_02,23.83,57.56
2026-01-08 15:20:00,sensor_01,24.49,55.05
2026-01-08 15:25:00,sensor_02,24.49,55.05
2026-01-08 15:30:00,sensor_03,24.49,55.05
2026-01-08 15:35:00,sensor_01,24.49,55.05
2026-01-08 15:40:00,sensor_03,24.49,55.05
2026-01-08 15:45:00,sensor_02,24.49,55.05
2026-01-08 15:50:00,sensor_01,24.49,55.05
2026-01-08 15:55:00,sensor_01,24.49,55.05
2026-01-08 16:00:00,sensor_01,24.49,55.05
2026-01-08 16:05:00,sensor_01,24.49,55.05
2026-01-08 16:10:00,sensor_02,24.49,55.05
2026-01-08 16:15:00,sensor_01,24.49,55.05
2026-01-08 16:20:00,sensor_03,24.49,55.05
2026-01-08 16:25:00,sensor_01,24.49,55.05
2026-01-08 16:30:00,sensor_02,24.49,55.05
2026-01-08 16:35:00,sensor_01,24.49,55.05
2026-01-08 16:40:00,sensor_02,24.49,55.05
2026-01-08 16:45:00,sensor_02,24.49,55.05
2026-01-08 16:50:00,sensor_03,24.49,55.05
2026-01-08 16:55:00,sensor_01,24.49,55.05
2026-01-08 17:00:00,sensor_01,24.49,55.05
2026-01-08 17:05:00,sensor_01,24.49,55.05
2026-01-08 17:10:00,sensor_03,24.49,55.05
2026-01-08 17:15:00,sensor_03,24.49,55.05
2026-01-08 17:20:00,sensor_02,24.49,55.05
2026-01-08 17:25:00,sensor_02,24.49,55.05
2026-01-08 17:30:00,sensor_02,24.49,55.05
2026-01-08 17:35:00,sensor_03,24.49,55.05
2026-01-08 17:40:00,sensor_03,24.49,55.05
2026-01-08 17:45:00,sensor_03,24.49,55.05
2026-01-08 17:50:00,sensor_02,24.49,55.05
2026-01-08 17:55:00,sensor_03,23.46,56.98
2026-01-08 18:00:00,sensor_02,22.01,53.89
2026-01-08 18:05:00,sensor_02,23.45,55.49
2026-01-08 18:10:00,sensor_01,22.39,56.62
2026-01-08 18:15:00,sensor_01,23.37,60.14
2026-01-08 18:20:00,sensor_01,23.01,53.2
2026-01-08 18:25:00,sensor_02,22.52,58.41
2026-01-08 18:30:00,sensor_01,22.8,56.36
2026-01-08 18:35:00,sensor_01,23.34,57.68
2026-01-08 18:40:00,sensor_01,23.05,55.8
2026-01-08 18:45:00,sensor_03,23.29,54.32
2026-01-08 18:50:00,sensor_02,23.99,57.5
2026-01-08 18:55:00,sensor_01,22.22,57.31
2026-01-08 19:00:00,sensor_03,23.88,57.91
2026-01-08 19:05:00,sensor_03,23.12,55.94
2026-01-08 19:10:00,sensor_03,22.62,54.77
2026-01-08 19:15:00,sensor_01,22.4,52.85
2026-01-08 19:20:00,sensor_03,22.97,57.6
2026-01-08 19:25:00,sensor_02,23.53,56.81
2026-01-08 19:30:00,sensor_03,23.0,54.03
2026-01-08 19:35:00,sensor_03,23.82,54.89
2026-01-08 19:40:00,sensor_03,22.34,55.03
2026-01-08 19:45:00,sensor_03,23.06,53.0
2026-01-08 19:50:00,sensor_02,22.44,54.33
2026-01-08 19:55:00,sensor_01,23.25,53.7
2026-01-08 20:00:00,sensor_02,23.71,55.04
2026-01-08 20:05:00,sensor_02,23.06,54.39
2026-01-08 20:10:00,sensor_01,21.97,52.61
2026-01-08 20:15:00,sensor_03,23.37,59.91
2026-01-08 20:20:00,sensor_01,23.49,58.37
2026-01-08 20:25:00,sensor_01,23.47,54.31
2027-01-08 20:30:00,sensor_02,23.89,56.41
2026-01-08 20:35:00,sensor_01,22.73,56.7
2026-01-08 20:40:00,sensor_03,23.61,58.25
2026-01-08 20:45:00,sensor_02,23.86,54.23
2026-01-08 20:50:00,sensor_03,22.38,58.05
2026-01-08 20:55:00,sensor_02,23.43,54.77
2026-01-08 21:00:00,sensor_03,23.33,53.04
2026-01-08 21:05:00,sensor_01,23.55,57.16
2026-01-08 21:10:00,sensor_01,23.76,58.29
2026-01-08 21:15:00,sensor_01,23.34,60.88
2026-01-08 21:20:00,sensor_03,23.25,53.31
2026-01-08 21:25:00,sensor_02,23.6,57.1
2026-01-08 21:30:00,sensor_02,23.04,54.89
2026-01-08 21:35:00,sensor_02,23.04,57.27
2026-01-08 21:40:00,sensor_01,23.93,52.77
2026-01-08 21:45:00,sensor_03,23.01,53.18
2026-01-08 21:50:00,sensor_02,23.92,54.16
2026-01-08 21:55:00,sensor_03,23.82,55.87
2026-01-08 22:00:00,sensor_02,23.14,54.22
2026-01-08 22:05:00,sensor_01,23.66,56.82
2026-01-08 22:10:00,sensor_03,24.6,57.55
2026-01-08 22:15:00,sensor_02,23.51,56.7
2026-01-08 22:20:00,sensor_02,23.77,58.74
2026-01-08 22:25:00,sensor_02,24.23,56.33
2026-01-08 22:30:00,sensor_02,24.39,53.07
2026-01-08 22:35:00,sensor_01,23.87,58.23
2026-01-08 22:40:00,sensor_02,23.7,54.29
2026-01-08 22:45:00,sensor_02,24.71,57.32
2026-01-08 22:50:00,sensor_01,24.87,58.65
2026-01-08 22:55:00,sensor_02,24.49,56.41
2026-01-08 23:00:00,sensor_03,24.53,52.27
2026-01-08 23:05:00,sensor_03,24.08,53.42
2026-01-08 23:10:00,sensor_02,24.07,57.9
2026-01-08 23:15:00,sensor_01,24.74,54.92
2026-01-08 23:20:00,sensor_01,24.69,55.42
2026-01-08 23:25:00,sensor_01,25.18,56.78
2026-01-08 23:30:00,sensor_02,24.81,56.65
2026-01-08 23:35:00,sensor_02,23.73,55.82
2026-01-08 23:40:00,sensor_03,25.01,54.84
2026-01-08 23:45:00,sensor_01,23.98,54.63
2026-01-08 23:50:00,sensor_02,24.29,56.97
2026-01-08 23:55:00,sensor_02,24.61,56.37
2026-01-09 00:00:00,sensor_02,26.0,54.49
2026-01-09 00:05:00,sensor_01,26.55,57.16
2026-01-09 00:10:00,sensor_01,25.3,54.74
2026-01-09 00:15:00,sensor_03,24.91,53.3
2026-01-09 00:20:00,sensor_01,25.27,53.48
2026-01-09 00:25:00,sensor_02,25.44,53.04
2026-01-09 00:30:00,sensor_03,24.84,54.46
2026-01-09 00:35:00,sensor_01,25.9,57.47
2026-01-09 00:40:00,sensor_01,25.12,53.39
2026-01-09 00:45:00,sensor_01,25.25,55.38
2026-01-09 00:50:00,sensor_01,25.33,53.69
2026-01-09 00:55:00,sensor_02,25.21,54.48
2026-01-09 01:00:00,sensor_01,25.94,51.72
2026-01-09 01:05:00,sensor_02,25.21,54.3
2026-01-09 01:10:00,sensor_02,25.24,54.35
2026-01-09 01:15:00,sensor_02,24.97,55.82
2026-01-09 01:20:00,sensor_03,25.74,55.19
2026-01-09 01:25:00,sensor_02,25.91,52.34
2026-01-09 01:30:00,sensor_01,25.75,56.91
2026-01-09 01:35:00,sensor_03,26.35,55.16
2026-01-09 01:40:00,sensor_01,25.51,55.14
2026-01-09 01:45:00,sensor_02,25.85,54.72
2026-01-09 01:50:00,sensor_01,24.97,53.71
2026-01-09 01:55:00,sensor_03,25.32,55.18
2026-01-09 02:00:00,sensor_03,26.35,55.45
2026-01-09 02:05:00,sensor_01,26.42,51.01
2026-01-09 02:10:00,sensor_01,25.85,53.42
2026-01-09 02:15:00,sensor_01,25.96,53.99
2026-01-09 02:20:00,sensor_03,25.24,55.01
2026-01-09 02:25:00,sensor_02,25.82,56.89
2026-01-09 02:30:00,sensor_01,26.45,52.96
2026-01-09 02:35:00,sensor_02,26.29,53.5
2026-01-09 02:40:00,sensor_03,26.25,53.47
2026-01-09 02:45:00,sensor_01,26.02,52.9
2026-01-09 02:50:00,sensor_01,26.0,53.81
2026-01-09 02:55:00,sensor_03,25.67,56.04
2026-01-09 03:00:00,sensor_01,26.76,52.19
2026-01-09 03:05:00,sensor_02,26.62,55.15
2026-01-09 03:10:00,sensor_03,26.66,50.89
2026-01-09 03:15:00,sensor_03,26.15,53.17
2026-01-09 03:20:00,sensor_01,25.34,53.63
2026-01-09 03:25:00,sensor_03,26.96,57.64
2026-01-09 03:30:00,sensor_01,26.17,53.74
2026-01-09 03:35:00,sensor_01,25.98,49.89
2026-01-09 03:40:00,sensor_03,26.76,50.3
2026-01-09 03:45:00,sensor_01,26.22,54.36
2026-01-09 03:50:00,sensor_02,26.94,55.52
2026-01-09 03:55:00,sensor_02,26.72,55.04
2026-01-09 04:00:00,sensor_01,27.07,54.47
2026-01-09 04:05:00,sensor_02,26.05,56.46
2026-01-09 04:10:00,sensor_01,27.34,53.05
2026-01-09 04:15:00,sensor_02,26.86,55.92
2026-01-09 04:20:00,sensor_03,26.55,50.87
2026-01-09 04:25:00,sensor_01,26.8,52.32
2026-01-09 04:30:00,sensor_01,25.84,50.52
2026-01-09 04:35:00,sensor_01,26.94,53.58
2026-01-09 04:40:00,sensor_01,26.22,54.04
2026-01-09 04:45:00,sensor_01,26.06,54.36
2026-01-09 04:50:00,sensor_01,25.97,54.26
2026-01-09 04:55:00,sensor_03,27.29,52.28
2026-01-09 05:00:00,sensor_03,26.62,53.65
2026-01-09 05:05:00,sensor_02,27.7,51.04
2026-01-09 05:10:00,sensor_01,26.66,56.76
2026-01-09 05:15:00,sensor_02,26.08,53.43
2026-01-09 05:20:00,sensor_02,-6.41,53.06
2026-01-09 05:25:00,sensor_03,27.55,57.21
2026-01-09 05:30:00,sensor_02,26.85,51.55
2026-01-09 05:35:00,sensor_03,26.66,51.78
2026-01-09 05:40:00,sensor_02,27.01,51.84
2026-01-09 05:45:00,sensor_01,27.18,53.9
2026-01-09 05:50:00,sensor_02,27.49,54.9
2026-01-09 05:55:00,sensor_03,27.66,55.51
2026-01-09 06:00:00,sensor_03,26.82,59.14
2026-01-09 06:05:00,sensor_03,26.34,49.5
2026-01-09 06:10:00,sensor_02,26.79,55.22
2026-01-09 06:15:00,sensor_02,27.13,52.89
2026-01-09 06:20:00,sensor_03,26.52,52.83
2026-01-09 06:25:00,sensor_01,26.52,52.76
2026-01-09 06:30:00,sensor_01,27.17,52.18
2026-01-09 06:35:00,sensor_02,26.98,57.37
2026-01-09 06:40:00,sensor_02,27.02,55.68
2026-01-09 06:45:00,sensor_03,26.62,54.05
2026-01-09 06:50:00,sensor_02,26.88,56.7
2026-01-09 06:55:00,sensor_02,26.54,50.97
2026-01-09 07:00:00,sensor_03,27.38,51.37
2026-01-09 07:05:00,sensor_03,27.45,49.68
2026-01-09 07:10:00,sensor_02,26.01,52.64
2026-01-09 07:15:00,sensor_01,26.47,54.36
2026-01-09 07:20:00,sensor_02,26.18,54.24
2026-01-09 07:25:00,sensor_01,26.61,54.33
2026-01-09 07:30:00,sensor_01,26.89,51.21
2026-01-09 07:35:00,sensor_01,26.21,55.64
2026-01-09 07:40:00,sensor_03,26.47,54.51
2026-01-09 07:45:00,sensor_03,26.43,55.5
2026-01-09 07:50:00,sensor_03,27.04,50.25
2026-01-09 07:55:00,sensor_02,26.97,54.66
2026-01-09 08:00:00,sensor_03,26.37,51.76
2026-01-09 08:05:00,sensor_03,26.82,53.34
2026-01-09 08:10:00,sensor_02,26.46,55.2
2026-01-09 08:15:00,sensor_02,26.6,124.86
2026-01-09 08:20:00,sensor_01,27.57,52.43
2026-01-09 08:25:00,sensor_02,27.4,54.15
2026-01-09 08:30:00,sensor_02,26.08,51.07
2026-01-09 08:35:00,sensor_03,27.15,56.43
2026-01-09 08:40:00,sensor_01,27.14,53.72
2026-01-09 08:45:00,sensor_01,26.16,56.37
2026-01-09 08:50:00,sensor_02,27.14,53.08
2026-01-09 08:55:00,sensor_03,27.5,53.09
2026-01-09 09:00:00,sensor_03,25.85,52.76
2026-01-09 09:05:00,sensor_03,25.96,56.05
2026-01-09 09:10:00,sensor_03,26.92,52.87
2026-01-09 09:15:00,sensor_02,26.55,55.58
2026-01-09 09:20:00,sensor_03,26.69,53.53
2026-01-09 09:25:00,sensor_01,26.58,50.34
2026-01-09 09:30:00,sensor_01,26.61,53.15
2026-01-09 09:35:00,sensor_02,25.75,51.93
2026-01-09 09:40:00,sensor_03,26.94,54.36
2026-01-09 09:45:00,sensor_03,27.0,51.91
2026-01-09 09:50:00,sensor_03,26.3,56.14
2026-01-09 09:55:00,sensor_03,26.39,54.11
2026-01-09 10:00:00,sensor_02,25.23,54.14
2026-01-09 10:05:00,sensor_03,26.26,55.81
2026-01-09 10:10:00,sensor_02,26.29,56.43
2026-01-09 10:15:00,sensor_03,25.97,54.46
2026-01-09 10:20:00,sensor_03,26.56,52.96
2026-01-09 10:25:00,sensor_01,25.83,50.95
2026-01-09 10:30:00,sensor_02,26.28,53.13
2026-01-09 10:35:00,sensor_01,25.49,53.27
2026-01-09 10:40:00,sensor_02,25.99,54.71
2026-01-09 10:45:00,sensor_03,25.91,53.81
2026-01-09 10:50:00,sensor_03,26.11,55.88
2026-01-09 10:55:00,sensor_02,25.82,53.27
2026-01-09 11:00:00,sensor_01,25.45,54.63
2026-01-09 11:05:00,sensor_02,25.93,57.11
2026-01-09 11:10:00,sensor_02,25.3,55.42
2026-01-09 11:15:00,sensor_03,24.71,54.62
2026-01-09 11:20:00,sensor_01,26.39,53.54
2026-01-09 11:25:00,sensor_02,26.21,53.47
2026-01-09 11:30:00,sensor_01,24.87,53.04
2026-01-09 11:35:00,sensor_01,25.86,53.66
2026-01-09 11:40:00,sensor_02,25.27,56.25
2026-01-09 11:45:00,sensor_01,25.65,54.3
2026-01-09 11:50:00,sensor_03,25.66,52.04
2026-01-09 11:55:00,sensor_03,25.4,58.28
2026-01-09 12:00:00,sensor_03,24.61,55.64
2026-01-09 12:05:00,sensor_03,24.65,52.19
2026-01-09 12:10:00,sensor_01,24.54,54.12
2026-01-09 12:15:00,sensor_03,24.58,55.22
2026-01-09 12:20:00,sensor_02,24.97,58.41
2026-01-09 12:25:00,sensor_03,24.64,52.78
2026-01-09 12:30:00,sensor_02,25.34,56.95
2026-01-09 12:35:00,sensor_02,25.74,57.8
2026-01-09 12:40:00,sensor_03,24.71,53.74
2026-01-09 12:45:00,sensor_03,25.12,54.44
2026-01-09 12:50:00,sensor_01,25.25,52.93
2026-01-09 12:55:00,sensor_02,25.24,54.59
2026-01-09 13:00:00,sensor_03,24.52,55.19
2026-01-09 13:05:00,sensor_01,24.85,56.58
2026-01-09 13:10:00,sensor_03,24.72,57.44
2026-01-09 13:15:00,sensor_03,23.86,53.76
2026-01-09 13:20:00,sensor_03,24.92,51.32
2026-01-09 13:25:00,sensor_02,24.93,55.22
2026-01-09 13:30:00,sensor_03,24.1,55.85
2026-01-09 13:35:00,sensor_01,24.5,55.76
2026-01-09 13:40:00,sensor_03,24.82,54.61
2026-01-09 13:45:00,sensor_03,24.38,55.51
2026-01-09 13:50:00,sensor_01,25.02,58.29
2026-01-09 13:55:00,sensor_01,25.66,56.02
2026-01-09 14:00:00,sensor_02,23.61,54.75
2026-01-09 14:05:00,sensor_02,23.31,54.5
2026-01-09 14:10:00,sensor_02,24.15,55.16
2026-01-09 14:15:00,sensor_02,24.36,58.77
2026-01-09 14:20:00,sensor_01,23.88,55.13
2026-01-09 14:25:00,sensor_03,24.73,55.46
2026-01-09 14:30:00,sensor_03,23.33,54.54
2026-01-09 14:35:00,sensor_03,24.35,57.7
2026-01-09 14:40:00,sensor_02,23.7,59.42
2026-01-09 14:45:00,sensor_01,24.86,56.4
2026-01-09 14:50:00,sensor_01,25.0,55.67
2027-01-09 14:55:00,sensor_01,23.62,55.57
2026-01-09 15:00:00,sensor_03,23.31,50.94
2026-01-09 15:05:00,sensor_02,24.02,57.2
2026-01-09 15:10:00,sensor_01,23.39,55.98
2026-01-09 15:15:00,sensor_02,23.56,56.56
2026-01-09 15:20:00,sensor_01,23.6,54.28
2026-01-09 15:25:00,sensor_02,22.63,54.94
2026-01-09 15:30:00,sensor_01,23.58,54.89
2026-01-09 15:35:00,sensor_02,23.24,57.75
2026-01-09 15:40:00,sensor_01,23.34,54.95
2026-01-09 15:45:00,sensor_01,24.31,59.87
2026-01-09 15:50:00,sensor_02,22.96,56.57
2026-01-09 15:55:00,sensor_02,23.99,53.16
2026-01-09 16:00:00,sensor_03,23.13,55.61
2026-01-09 16:05:00,sensor_02,23.13,54.56
2026-01-09 16:10:00,sensor_01,23.66,51.48
2026-01-09 16:15:00,sensor_01,23.44,59.06
2026-01-09 16:20:00,sensor_02,23.55,57.27
2026-01-09 16:25:00,sensor_03,23.75,56.93
2026-01-09 16:30:00,sensor_02,23.1,56.2
2026-01-09 16:35:00,sensor_01,22.96,53.1
2026-01-09 16:40:00,sensor_01,22.73,54.9
2026-01-09 16:45:00,sensor_03,22.86,57.55
2026-01-09 16:50:00,sensor_02,24.74,53.76
2026-01-09 16:55:00,sensor_01,23.89,50.8
2026-01-09 17:00:00,sensor_01,22.39,55.51
2026-01-09 17:05:00,sensor_01,22.41,-14.33
2026-01-09 17:10:00,sensor_02,23.31,56.24
2026-01-09 17:15:00,sensor_02,23.34,57.42
2026-01-09 17:20:00,sensor_03,23.34,57.24
2026-01-09 17:25:00,sensor_01,22.94,56.48
2026-01-09 17:30:00,sensor_01,23.01,58.36
2026-01-09 17:35:00,sensor_03,23.23,52.93
2026-01-09 17:40:00,sensor_01,23.11,56.98
2026-01-09 17:45:00,sensor_03,21.96,57.22
2026-01-09 17:50:00,sensor_03,22.95,53.49
2026-01-09 17:55:00,sensor_01,22.64,52.96
2026-01-09 18:00:00,sensor_02,23.09,54.51
2026-01-09 18:05:00,sensor_02,24.49,54.68
2026-01-09 18:10:00,sensor_02,23.18,57.51
2026-01-09 18:15:00,sensor_02,22.84,54.77
2026-01-09 18:20:00,sensor_01,23.46,54.29
2026-01-09 18:25:00,sensor_03,23.24,54.78
2026-01-09 18:30:00,sensor_03,23.21,58.24
2026-01-09 18:35:00,sensor_01,23.3,56.03
2026-01-09 18:40:00,sensor_02,24.03,55.64
2026-01-09 18:45:00,sensor_03,22.43,55.78
2026-01-09 18:50:00,sensor_01,23.24,58.58
2026-01-09 18:55:00,sensor_01,-15.75,54.5
2026-01-09 19:00:00,sensor_02,23.35,58.6
2026-01-09 19:05:00,sensor_01,22.61,56.39
2026-01-09 19:10:00,sensor_03,22.86,55.65
2026-01-09 19:15:00,sensor_03,22.92,60.97
2026-01-09 19:20:00,sensor_01,23.56,53.85
2026-01-09 19:25:00,sensor_03,23.53,55.26
2026-01-09 19:30:00,sensor_01,22.45,53.5
2027-01-09 19:35:00,sensor_03,23.1,57.87
2026-01-09 19:40:00,sensor_02,22.71,59.34
2026-01-09 19:45:00,sensor_03,22.44,59.31
2026-01-09 19:50:00,sensor_02,22.96,58.41
2026-01-09 19:55:00,sensor_02,22.91,55.57
2026-01-09 20:00:00,sensor_01,24.48,55.14
2026-01-09 20:05:00,sensor_02,23.48,52.52
2026-01-09 20:10:00,sensor_03,22.58,59.94
2026-01-09 20:15:00,sensor_03,22.99,56.8
2026-01-09 20:20:00,sensor_02,23.78,54.88
2026-01-09 20:25:00,sensor_01,24.31,58.52
2026-01-09 20:30:00,sensor_02,22.47,53.92
2026-01-09 20:35:00,sensor_03,22.33,56.68
2026-01-09 20:40:00,sensor_03,24.2,55.52
2026-01-09 20:45:00,sensor_02,23.46,57.14
2026-01-09 20:50:00,sensor_02,22.83,55.74
2026-01-09 20:55:00,sensor_02,23.54,52.96
2026-01-09 21:00:00,sensor_03,22.27,55.86
2026-01-09 21:05:00,sensor_03,23.59,57.8
2026-01-09 21:10:00,sensor_03,23.75,55.65
2026-01-09 21:15:00,sensor_01,24.05,57.26
2026-01-09 21:20:00,sensor_03,23.08,53.62
2026-01-09 21:25:00,sensor_03,23.63,55.65
2026-01-09 21:30:00,sensor_01,23.12,54.46
2026-01-09 21:35:00,sensor_01,23.71,57.2
2026-01-09 21:40:00,sensor_01,23.14,55.77
2026-01-09 21:45:00,sensor_01,23.38,57.09
2026-01-09 21:50:00,sensor_01,23.09,57.88
2026-01-09 21:55:00,sensor_01,23.91,57.09
2026-01-09 22:00:00,sensor_02,24.43,56.05
2026-01-09 22:05:00,sensor_02,23.88,53.5
2026-01-09 22:10:00,sensor_02,24.02,55.49
2026-01-09 22:15:00,sensor_02,23.28,54.43
2026-01-09 22:20:00,sensor_03,23.85,54.81
2026-01-09 22:25:00,sensor_01,23.97,54.75
2026-01-09 22:30:00,sensor_03,25.31,53.54
2026-01-09 22:35:00,sensor_01,23.44,51.59
2026-01-09 22:40:00,sensor_01,24.73,54.16
2026-01-09 22:45:00,sensor_03,24.5,55.89
2026-01-09 22:50:00,sensor_02,24.14,52.8
2026-01-09 22:55:00,sensor_03,24.88,55.53
2026-01-09 23:00:00,sensor_03,24.67,59.06
2026-01-09 23:05:00,sensor_01,24.68,57.3
2026-01-09 23:10:00,sensor_01,24.46,58.55
2026-01-09 23:15:00,sensor_01,25.09,56.04
2026-01-09 23:20:00,sensor_02,25.03,57.59
2026-01-09 23:25:00,sensor_03,24.17,53.81
2026-01-09 23:30:00,sensor_03,23.82,53.97
2026-01-09 23:35:00,sensor_02,24.38,49.78
2026-01-09 23:40:00,sensor_03,24.08,57.63
2026-01-09 23:45:00,sensor_03,24.45,58.34
2026-01-09 23:50:00,sensor_01,25.1,54.15
2026-01-09 23:55:00,sensor_02,24.25,54.75
2026-01-10 00:00:00,sensor_01,24.98,53.49
2026-01-10 00:05:00,sensor_02,25.03,55.77
2026-01-10 00:10:00,sensor_01,25.42,57.25
2026-01-10 00:15:00,sensor_03,23.88,51.51
2026-01-10 00:20:00,sensor_02,24.7,55.82
2026-01-10 00:25:00,sensor_02,25.11,54.45
2026-01-10 00:30:00,sensor_01,25.6,55.23
2026-01-10 00:35:00,sensor_02,24.75,55.92
2026-01-10 00:40:00,sensor_03,24.06,54.62
2026-01-10 00:45:00,sensor_03,25.31,54.79
2026-01-10 00:50:00,sensor_03,24.68,54.57
2026-01-10 00:55:00,sensor_01,24.41,56.94
2026-01-10 01:00:00,sensor_02,25.21,55.58
2026-01-10 01:05:00,sensor_01,25.43,55.18
2026-01-10 01:10:00,sensor_03,25.22,52.2
2026-01-10 01:15:00,sensor_02,24.41,53.98
2026-01-10 01:20:00,sensor_03,25.97,56.54
2026-01-10 01:25:00,sensor_02,26.16,54.82
2026-01-10 01:30:00,sensor_02,25.84,56.06
2026-01-10 01:35:00,sensor_01,24.95,58.27
2026-01-10 01:40:00,sensor_02,25.42,56.82
2026-01-10 01:45:00,sensor_03,25.51,54.93
2026-01-10 01:50:00,sensor_02,25.82,53.72
2026-01-10 01:55:00,sensor_03,25.85,49.63
2026-01-10 02:00:00,sensor_01,25.63,54.16
2026-01-10 02:05:00,sensor_03,26.04,53.85
2026-01-10 02:10:00,sensor_02,26.23,55.28
2026-01-10 02:15:00,sensor_03,26.73,54.19
2026-01-10 02:20:00,sensor_03,26.35,53.86
2026-01-10 02:25:00,sensor_02,26.39,50.94
2026-01-10 02:30:00,sensor_03,26.04,52.62
2026-01-10 02:35:00,sensor_02,26.71,55.45
2026-01-10 02:40:00,sensor_01,26.2,57.93
2026-01-10 02:45:00,sensor_03,25.57,54.3
2026-01-10 02:50:00,sensor_01,26.7,55.16
2026-01-10 02:55:00,sensor_03,26.35,56.4
2026-01-10 03:00:00,sensor_03,26.19,52.67
2026-01-10 03:05:00,sensor_01,26.17,55.03
2026-01-10 03:10:00,sensor_03,26.56,52.81
2026-01-10 03:15:00,sensor_03,26.65,56.02
2026-01-10 03:20:00,sensor_01,26.51,54.6
2026-01-10 03:25:00,sensor_03,26.57,54.89
2026-01-10 03:30:00,sensor_02,27.26,52.73
2026-01-10 03:35:00,sensor_03,26.95,55.71
2026-01-10 03:40:00,sensor_03,26.51,58.46
2026-01-10 03:45:00,sensor_03,26.88,52.28
2026-01-10 03:50:00,sensor_01,25.9,53.61
2026-01-10 03:55:00,sensor_02,26.61,54.76
2026-01-10 04:00:00,sensor_02,27.64,55.71
2026-01-10 04:05:00,sensor_03,26.62,53.01
2026-01-10 04:10:00,sensor_01,26.31,48.47
2026-01-10 04:15:00,sensor_01,26.41,56.85
2026-01-10 04:20:00,sensor_02,26.19,55.65
2026-01-10 04:25:00,sensor_01,26.34,50.65
2026-01-10 04:30:00,sensor_03,26.55,52.92
2026-01-10 04:35:00,sensor_03,26.03,57.27
2026-01-10 04:40:00,sensor_01,26.74,57.03
2026-01-10 04:45:00,sensor_03,27.18,56.01
2026-01-10 04:50:00,sensor_02,26.28,53.78
2026-01-10 04:55:00,sensor_03,27.49,54.3
2026-01-10 05:00:00,sensor_01,27.19,53.77
2026-01-10 05:05:00,sensor_02,27.45,56.29
2026-01-10 05:10:00,sensor_03,26.6,52.28
2026-01-10 05:15:00,sensor_02,27.36,52.42
2026-01-10 05:20:00,sensor_01,26.39,56.05
2026-01-10 05:25:00,sensor_03,27.38,53.95
2026-01-10 05:30:00,sensor_03,27.02,56.79
2026-01-10 05:35:00,sensor_02,27.21,52.69
2026-01-10 05:40:00,sensor_03,26.34,53.92
2026-01-10 05:45:00,sensor_03,26.48,52.19
2026-01-10 05:50:00,sensor_03,27.23,54.05
2026-01-10 05:55:00,sensor_03,26.46,51.08
2026-01-10 06:00:00,sensor_01,27.23,53.02
2026-01-10 06:05:00,sensor_03,26.32,51.13
2026-01-10 06:10:00,sensor_02,27.42,55.39
2026-01-10 06:15:00,sensor_01,26.38,55.43
2026-01-10 06:20:00,sensor_02,27.28,50.54
2026-01-10 06:25:00,sensor_02,27.31,56.67
2026-01-10 06:30:00,sensor_02,26.65,58.99
2026-01-10 06:35:00,sensor_01,27.29,54.09
2026-01-10 06:40:00,sensor_01,27.13,52.72
2026-01-10 06:45:00,sensor_01,26.73,59.65
2026-01-10 06:50:00,sensor_03,26.5,51.36
2026-01-10 06:55:00,sensor_02,26.02,54.04
2026-01-10 07:00:00,sensor_01,27.11,54.39
2026-01-10 07:05:00,sensor_02,26.15,56.72
2026-01-10 07:10:00,sensor_01,26.98,54.75
2026-01-10 07:15:00,sensor_01,26.8,53.04
2026-01-10 07:20:00,sensor_01,27.27,52.13
2026-01-10 07:25:00,sensor_02,26.78,53.35
2026-01-10 07:30:00,sensor_03,26.77,52.02
2026-01-10 07:35:00,sensor_01,27.3,54.13
2026-01-10 07:40:00,sensor_01,27.1,52.91
2026-01-10 07:45:00,sensor_01,27.09,51.05
2026-01-10 07:50:00,sensor_03,27.17,56.54
2026-01-10 07:55:00,sensor_02,26.16,53.04
2026-01-10 08:00:00,sensor_02,27.11,51.6
2026-01-10 08:05:00,sensor_02,27.04,53.8
2026-01-10 08:10:00,sensor_02,26.22,54.27
2026-01-10 08:15:00,sensor_01,26.61,50.64
2026-01-10 08:20:00,sensor_03,26.71,54.8
2026-01-10 08:25:00,sensor_01,26.66,52.04
2026-01-10 08:30:00,sensor_03,26.9,57.56
2026-01-10 08:35:00,sensor_02,27.45,55.18
2026-01-10 08:40:00,sensor_03,27.27,53.33
2026-01-10 08:45:00,sensor_01,26.08,52.64
2026-01-10 08:50:00,sensor_01,27.04,53.92
2026-01-10 08:55:00,sensor_02,27.4,55.36
2026-01-10 09:00:00,sensor_01,26.61,54.24
2026-01-10 09:05:00,sensor_01,26.96,53.86
2026-01-10 09:10:00,sensor_03,27.42,54.41
2026-01-10 09:15:00,sensor_01,26.93,53.09
2026-01-10 09:20:00,sensor_02,26.54,53.61
2026-01-10 09:25:00,sensor_02,26.94,50.12
2026-01-10 09:30:00,sensor_01,26.49,56.24
2026-01-10 09:35:00,sensor_02,26.43,54.89
2026-01-10 09:40:00,sensor_03,26.24,52.75
2026-01-10 09:45:00,sensor_03,27.2,58.09
2026-01-10 09:50:00,sensor_01,26.0,54.47
2026-01-10 09:55:00,sensor_01,27.18,52.22
2026-01-10 10:00:00,sensor_03,26.25,56.21
2026-01-10 10:05:00,sensor_02,25.3,55.3
2026-01-10 10:10:00,sensor_01,26.18,55.29
2026-01-10 10:15:00,sensor_01,24.95,53.65
2026-01-10 10:20:00,sensor_02,26.31,55.4
2026-01-10 10:25:00,sensor_01,26.44,53.98
2026-01-10 10:30:00,sensor_02,25.7,55.61
2026-01-10 10:35:00,sensor_02,26.06,50.69
2026-01-10 10:40:00,sensor_02,26.98,53.63
2026-01-10 10:45:00,sensor_02,25.75,57.94
2026-01-10 10:50:00,sensor_02,25.47,52.97
2026-01-10 10:55:00,sensor_03,26.74,53.29
2026-01-10 11:00:00,sensor_02,26.5,53.85
2026-01-10 11:05:00,sensor_03,25.52,52.31
2026-01-10 11:10:00,sensor_02,26.02,50.32
2026-01-10 11:15:00,sensor_01,26.19,54.28
2026-01-10 11:20:00,sensor_03,25.15,55.01
2026-01-10 11:25:00,sensor_01,25.27,54.64
2026-01-10 11:30:00,sensor_02,26.13,54.45
2026-01-10 11:35:00,sensor_02,26.36,54.83
2026-01-10 11:40:00,sensor_01,25.8,56.79
2026-01-10 11:45:00,sensor_02,25.08,54.36
2026-01-10 11:50:00,sensor_01,26.51,53.59
2026-01-10 11:55:00,sensor_02,25.25,54.18
2026-01-10 12:00:00,sensor_02,24.83,56.16
2026-01-10 12:05:00,sensor_03,25.17,57.82
2026-01-10 12:10:00,sensor_01,25.78,53.74
2026-01-10 12:15:00,sensor_02,25.43,55.2
2026-01-10 12:20:00,sensor_01,25.21,55.68
2026-01-10 12:25:00,sensor_03,25.23,53.01
2026-01-10 12:30:00,sensor_01,25.02,55.04
2026-01-10 12:35:00,sensor_03,25.28,52.07
2026-01-10 12:40:00,sensor_01,23.74,51.46
2026-01-10 12:45:00,sensor_01,24.85,55.73
2026-01-10 12:50:00,sensor_03,25.12,54.23
2026-01-10 12:55:00,sensor_02,24.42,55.4
2026-01-10 13:00:00,sensor_02,24.68,55.22
2026-01-10 13:05:00,sensor_02,24.38,53.31
2026-01-10 13:10:00,sensor_01,25.36,55.17
2026-01-10 13:15:00,sensor_01,25.27,52.79
2026-01-10 13:20:00,sensor_02,24.25,58.04
2026-01-10 13:25:00,sensor_01,24.41,52.55
2026-01-10 13:30:00,sensor_01,24.45,54.87
2026-01-10 13:35:00,sensor_02,24.26,53.17
2026-01-10 13:40:00,sensor_03,24.58,56.4
2026-01-10 13:45:00,sensor_01,24.1,54.6
2026-01-10 13:50:00,sensor_01,23.92,54.22
2026-01-10 13:55:00,sensor_01,24.79,56.97
2026-01-10 14:00:00,sensor_01,24.31,55.56
2026-01-10 14:05:00,sensor_03,23.6,56.53
2026-01-10 14:10:00,sensor_02,24.45,53.54
2026-01-10 14:15:00,sensor_01,23.68,52.69
2026-01-10 14:20:00,sensor_02,24.13,55.71
2026-01-10 14:25:00,sensor_01,24.41,54.86
2026-01-10 14:30:00,sensor_03,23.98,56.75
2026-01-10 14:35:00,sensor_02,24.23,55.34
2026-01-10 14:40:00,sensor_03,23.74,55.91
2026-01-10 14:45:00,sensor_01,23.9,52.25
2026-01-10 14:50:00,sensor_03,23.9,59.28
2026-01-10 14:55:00,sensor_03,23.63,55.17
2026-01-10 15:00:00,sensor_01,23.5,57.1
2026-01-10 15:05:00,sensor_01,22.81,54.03
2026-01-10 15:10:00,sensor_02,23.34,56.32
2026-01-10 15:15:00,sensor_01,23.44,53.1
2026-01-10 15:20:00,sensor_02,23.46,56.61
2026-01-10 15:25:00,sensor_03,23.47,55.0
2026-01-10 15:30:00,sensor_03,23.55,55.77
2026-01-10 15:35:00,sensor_02,23.83,57.1
2026-01-10 15:40:00,sensor_01,24.02,53.24
2026-01-10 15:45:00,sensor_01,23.26,54.34
2026-01-10 15:50:00,sensor_03,22.98,56.62
2026-01-10 15:55:00,sensor_02,23.06,59.9
2026-01-10 16:00:00,sensor_03,23.02,55.59
2026-01-10 16:05:00,sensor_03,23.09,57.05
2026-01-10 16:10:00,sensor_01,22.88,55.65
2026-01-10 16:15:00,sensor_02,22.62,59.75
2026-01-10 16:20:00,sensor_03,23.04,52.37
2026-01-10 16:25:00,sensor_01,23.36,56.06
2026-01-10 16:30:00,sensor_03,23.57,52.61
2026-01-10 16:35:00,sensor_03,22.99,50.85
2026-01-10 16:40:00,sensor_01,23.06,56.46
2026-01-10 16:45:00,sensor_01,22.8,56.15
2026-01-10 16:50:00,sensor_02,23.25,55.3
2026-01-10 16:55:00,sensor_03,22.84,55.65
2026-01-10 17:00:00,sensor_02,23.35,62.16
2026-01-10 17:05:00,sensor_01,-16.97,55.45
2026-01-10 17:10:00,sensor_01,22.89,56.99
2026-01-10 17:15:00,sensor_03,23.22,54.67
2026-01-10 17:20:00,sensor_02,23.16,56.56
2026-01-10 17:25:00,sensor_02,24.41,55.49
2026-01-10 17:30:00,sensor_03,23.24,55.14
2026-01-10 17:35:00,sensor_03,22.57,59.6
2026-01-10 17:40:00,sensor_02,23.02,58.32
2026-01-10 17:45:00,sensor_01,22.18,56.24
2026-01-10 17:50:00,sensor_01,23.03,51.36
2026-01-10 17:55:00,sensor_03,22.65,55.24
2026-01-10 18:00:00,sensor_02,23.46,61.41
2026-01-10 18:05:00,sensor_02,22.73,-12.25
2026-01-10 18:10:00,sensor_02,22.94,58.21
2026-01-10 18:15:00,sensor_01,22.68,58.88
2026-01-10 18:20:00,sensor_01,23.87,56.44
2026-01-10 18:25:00,sensor_02,22.84,54.32
2026-01-10 18:30:00,sensor_02,23.92,51.13
2026-01-10 18:35:00,sensor_03,23.41,57.37
2026-01-10 18:40:00,sensor_03,23.24,54.37
2026-01-10 18:45:00,sensor_02,23.18,56.35
2026-01-10 18:50:00,sensor_02,23.2,53.5
2026-01-10 18:55:00,sensor_01,22.04,55.47
2026-01-10 19:00:00,sensor_02,22.93,56.03
2026-01-10 19:05:00,sensor_03,23.49,56.5
2026-01-10 19:10:00,sensor_01,23.04,53.74
2026-01-10 19:15:00,sensor_03,22.37,58.36
2026-01-10 19:20:00,sensor_03,23.04,54.77
2026-01-10 19:25:00,sensor_01,23.92,52.62
2026-01-10 19:30:00,sensor_03,23.69,55.75
2026-01-10 19:35:00,sensor_02,23.04,56.03
2026-01-10 19:40:00,sensor_03,23.54,56.29
2026-01-10 19:45:00,sensor_01,22.88,58.69
2026-01-10 19:50:00,sensor_01,-15.1,55.49
2026-01-10 19:55:00,sensor_01,22.61,55.73
2026-01-10 20:00:00,sensor_03,24.05,53.66
2026-01-10 20:05:00,sensor_02,23.13,57.51
2026-01-10 20:10:00,sensor_01,23.15,56.23
2026-01-10 20:15:00,sensor_02,23.12,55.03
2026-01-10 20:20:00,sensor_01,24.22,52.06
2026-01-10 20:25:00,sensor_02,24.08,58.75
2026-01-10 20:30:00,sensor_02,24.38,53.41
2026-01-10 20:35:00,sensor_02,23.19,54.68
2026-01-10 20:40:00,sensor_01,23.42,56.58
2026-01-10 20:45:00,sensor_03,22.51,53.47
2026-01-10 20:50:00,sensor_03,24.01,52.88
2026-01-10 20:55:00,sensor_03,22.68,51.62
2026-01-10 21:00:00,sensor_02,23.69,57.15
2026-01-10 21:05:00,sensor_01,23.04,54.62
2026-01-10 21:10:00,sensor_02,23.29,61.56
2026-01-10 21:15:00,sensor_01,23.17,53.72
2026-01-10 21:20:00,sensor_02,23.28,53.86
2026-01-10 21:25:00,sensor_01,23.32,54.58
2026-01-10 21:30:00,sensor_01,23.31,56.19
2026-01-10 21:35:00,sensor_01,24.0,54.77
2026-01-10 21:40:00,sensor_02,23.03,56.93
2026-01-10 21:45:00,sensor_03,23.7,53.75
2026-01-10 21:50:00,sensor_02,24.19,52.94
2026-01-10 21:55:00,sensor_02,23.33,52.11
2026-01-10 22:00:00,sensor_01,23.64,51.05
2026-01-10 22:05:00,sensor_01,23.88,54.46
2026-01-10 22:10:00,sensor_03,24.59,54.9
2026-01-10 22:15:00,sensor_03,24.1,54.24
2026-01-10 22:20:00,sensor_01,23.73,57.99
2026-01-10 22:25:00,sensor_03,24.24,57.96
2026-01-10 22:30:00,sensor_03,23.45,54.83
2026-01-10 22:35:00,sensor_01,24.34,51.91
2026-01-10 22:40:00,sensor_02,24.2,54.37
2027-01-10 22:45:00,sensor_03,23.85,54.3
2026-01-10 22:50:00,sensor_01,23.58,54.19
2026-01-10 22:55:00,sensor_03,23.56,54.1
2026-01-10 23:00:00,sensor_03,24.75,53.95
2026-01-10 23:05:00,sensor_01,-6.14,54.49
2026-01-10 23:10:00,sensor_03,24.16,53.99
2026-01-10 23:15:00,sensor_03,24.71,55.68
2026-01-10 23:20:00,sensor_03,23.44,55.98
2026-01-10 23:25:00,sensor_02,24.19,53.44
2026-01-10 23:30:00,sensor_02,24.47,57.8
2026-01-10 23:35:00,sensor_03,24.03,53.3
2026-01-10 23:40:00,sensor_01,24.01,52.02
2026-01-10 23:45:00,sensor_03,24.15,56.02
2026-01-10 23:50:00,sensor_03,24.63,53.62
2026-01-10 23:55:00,sensor_02,24.39,55.9
2026-01-11 00:00:00,sensor_02,23.88,50.19
2026-01-11 00:05:00,sensor_02,23.94,57.78
2026-01-11 00:10:00,sensor_03,24.7,56.34
2026-01-11 00:15:00,sensor_03,25.23,52.0
2026-01-11 00:20:00,sensor_01,23.63,52.04
2026-01-11 00:25:00,sensor_03,24.75,58.34
2026-01-11 00:30:00,sensor_03,24.74,53.53
2026-01-11 00:35:00,sensor_02,25.69,53.33
2026-01-11 00:40:00,sensor_02,24.81,50.47
2026-01-11 00:45:00,sensor_02,25.19,54.3
2026-01-11 00:50:00,sensor_02,25.07,54.54
2026-01-11 00:55:00,sensor_02,23.93,56.43
2026-01-11 01:00:00,sensor_01,25.9,51.94
2026-01-11 01:05:00,sensor_01,25.63,51.7
2026-01-11 01:10:00,sensor_01,25.77,55.64
2026-01-11 01:15:00,sensor_02,27.48,56.75
2026-01-11 01:20:00,sensor_02,24.48,51.6
2026-01-11 01:25:00,sensor_02,26.38,56.9
2026-01-11 01:30:00,sensor_01,25.37,54.82
2026-01-11 01:35:00,sensor_02,25.66,56.92
2026-01-11 01:40:00,sensor_01,25.49,54.6
2026-01-11 01:45:00,sensor_02,25.31,49.7
2026-01-11 01:50:00,sensor_03,25.23,54.44
2026-01-11 01:55:00,sensor_01,25.68,56.86
2026-01-11 02:00:00,sensor_03,25.24,105.16
2026-01-11 02:05:00,sensor_01,26.38,53.72
2026-01-11 02:10:00,sensor_02,25.79,54.15
2026-01-11 02:15:00,sensor_02,25.43,48.7
2026-01-11 02:20:00,sensor_03,25.77,57.84
2026-01-11 02:25:00,sensor_02,26.63,52.7
2026-01-11 02:30:00,sensor_01,25.73,55.51
2026-01-11 02:35:00,sensor_02,26.18,54.33
2026-01-11 02:40:00,sensor_02,25.63,57.02
2026-01-11 02:45:00,sensor_01,26.38,55.31
2026-01-11 02:50:00,sensor_03,26.34,54.03
2026-01-11 02:55:00,sensor_03,26.92,52.71
2026-01-11 03:00:00,sensor_02,26.33,55.89
2026-01-11 03:05:00,sensor_01,26.75,50.55
2026-01-11 03:10:00,sensor_03,26.46,55.58
2026-01-11 03:15:00,sensor_03,27.06,52.09
2026-01-11 03:20:00,sensor_02,26.05,56.8
2026-01-11 03:25:00,sensor_01,26.79,54.62
2026-01-11 03:30:00,sensor_03,26.32,55.58
2026-01-11 03:35:00,sensor_02,26.38,54.46
2026-01-11 03:40:00,sensor_02,26.46,50.79
2026-01-11 03:45:00,sensor_02,26.54,52.57
2026-01-11 03:50:00,sensor_02,26.36,55.64
2026-01-11 03:55:00,sensor_03,26.52,54.63
2026-01-11 04:00:00,sensor_01,27.52,56.5
2026-01-11 04:05:00,sensor_02,27.22,54.94
2026-01-11 04:10:00,sensor_02,27.17,52.2
2026-01-11 04:15:00,sensor_03,26.5,52.54
2026-01-11 04:20:00,sensor_02,26.29,54.34
2026-01-11 04:25:00,sensor_02,27.21,49.51
2026-01-11 04:30:00,sensor_01,27.17,57.48
2026-01-11 04:35:00,sensor_02,27.47,55.02
2026-01-11 04:40:00,sensor_03,26.43,56.59
2026-01-11 04:45:00,sensor_01,26.62,50.97
2026-01-11 04:50:00,sensor_03,25.91,56.62
2026-01-11 04:55:00,sensor_01,26.54,58.6
2026-01-11 05:00:00,sensor_01,27.43,51.39
2026-01-11 05:05:00,sensor_02,26.7,55.58
2026-01-11 05:10:00,sensor_02,27.25,54.04
2026-01-11 05:15:00,sensor_02,26.84,50.95
2026-01-11 05:20:00,sensor_03,27.09,55.02
2026-01-11 05:25:00,sensor_02,26.36,55.7
2026-01-11 05:30:00,sensor_02,26.97,52.83
2026-01-11 05:35:00,sensor_01,25.44,56.37
2026-01-11 05:40:00,sensor_02,26.84,50.7
2026-01-11 05:45:00,sensor_02,26.12,51.04
2026-01-11 05:50:00,sensor_02,27.53,54.31
2026-01-11 05:55:00,sensor_02,27.32,54.08
2026-01-11 06:00:00,sensor_01,27.23,52.57
2026-01-11 06:05:00,sensor_02,27.76,55.62
2026-01-11 06:10:00,sensor_01,26.53,55.06
2026-01-11 06:15:00,sensor_03,27.87,55.72
2026-01-11 06:20:00,sensor_02,27.47,53.75
2026-01-11 06:25:00,sensor_02,26.88,55.21
2026-01-11 06:30:00,sensor_02,27.57,53.11
2026-01-11 06:35:00,sensor_01,26.45,58.11
2026-01-11 06:40:00,sensor_02,26.59,52.37
2026-01-11 06:45:00,sensor_02,26.7,58.21
2026-01-11 06:50:00,sensor_03,26.74,54.07
2026-01-11 06:55:00,sensor_01,26.47,51.25
2026-01-11 07:00:00,sensor_01,27.54,56.77
2026-01-11 07:05:00,sensor_03,26.8,54.29
2026-01-11 07:10:00,sensor_01,27.11,55.74
2026-01-11 07:15:00,sensor_02,26.65,56.48
2026-01-11 07:20:00,sensor_02,26.02,54.71
2026-01-11 07:25:00,sensor_03,27.07,52.85
2026-01-11 07:30:00,sensor_01,25.98,55.99
2026-01-11 07:35:00,sensor_01,26.9,54.04
2026-01-11 07:40:00,sensor_01,26.25,55.41
2026-01-11 07:45:00,sensor_03,27.93,49.73
2026-01-11 07:50:00,sensor_02,27.39,54.93
2026-01-11 07:55:00,sensor_03,26.98,52.76
2026-01-11 08:00:00,sensor_02,27.36,57.44
2026-01-11 08:05:00,sensor_03,26.31,55.38
2026-01-11 08:10:00,sensor_02,27.0,54.61
2026-01-11 08:15:00,sensor_01,26.83,55.11
2026-01-11 08:20:00,sensor_01,26.86,52.14
2026-01-11 08:25:00,sensor_01,27.37,57.38
2026-01-11 08:30:00,sensor_03,27.1,58.12
2026-01-11 08:35:00,sensor_03,26.88,54.92
2026-01-11 08:40:00,sensor_03,25.9,57.31
2026-01-11 08:45:00,sensor_01,26.25,53.0
2026-01-11 08:50:00,sensor_02,26.67,52.54
2026-01-11 08:55:00,sensor_01,26.78,54.22
2026-01-11 09:00:00,sensor_01,25.85,55.16
2026-01-11 09:05:00,sensor_02,27.62,53.5
2026-01-11 09:10:00,sensor_02,27.17,55.37
2026-01-11 09:15:00,sensor_02,26.72,54.91
2026-01-11 09:20:00,sensor_02,96.38,52.3
2026-01-11 09:25:00,sensor_01,26.31,55.33
2026-01-11 09:30:00,sensor_03,25.94,56.02
2026-01-11 09:35:00,sensor_01,26.45,54.64
2026-01-11 09:40:00,sensor_02,26.54,56.6
2026-01-11 09:45:00,sensor_03,25.79,51.86
2026-01-11 09:50:00,sensor_03,26.58,55.23
2026-01-11 09:55:00,sensor_01,26.34,51.95
